INPUT:url	INPUT:title	INPUT:text	GOLDEN:res	HINT:text
https://www.ostro.org/general/proisshestviya/news/579787/	В Николаевской области горел пассажирский поезд: обошлось без жертв	Дизельный поезд горел на перегоне ``Колосовка - Николаев`` Николаевской области в субботу. Об этом говорится в сообщении областного главка Государственной службы по чрезвычайным ситуациям. В нем говорится, что 16 ноября в 13:23 в Службу спасения поступило сообщение о пожаре в дизельном поезде. К месту вызова было направлено отделение 11-й государственной пожарно-спасательной части. По прибытии было установлено, что огнем охвачен тягач и последний вагон поезда, другие вагоны с пассажирами отцепили и отправили на место назначения по маршруту до прибытия спасателей. В 14:00 пожар был локализован и через полтора часа ликвидирован. Пострадавших при пожаре нет. Причина возникновения пожара устанавливается правоохранительными органами. 	society	Происшествие, а значит "Общество"
https://inosmi.ru/politic/20191117/246247938.html	American Thinker (США): реальные интересы Путина в Латинской Америке	Николас Мадуро и Эво Моралес — опасные диктаторы, которые ввергли свои страны в хаос. С рациональной точки зрения левых социалистов в Латинской Америке можно назвать в политическом отношении мертвым грузом. В долгосрочной перспективе бессмысленно делать ставку на эти режимы. Понимает ли это Кремль? Да, понимает. Следовательно, здесь может возникнуть совершенно логичный вопрос: по какой причине россияне их поддерживают? Ответ на этот вопрос найти непросто: чтобы понять реальные мотивы действий Москвы, необходимо рассмотреть всю ситуацию с точки зрения фундаментальных внешнеполитических взглядов президента Путина на международные отношения. В современной России эта система взглядов называется русским неоконсерватизмом или путинизмом. В основе внешней политики лежит задача вернуть России статус великой державы. С точки зрения Путина, он не только лидер страны, но и продолжатель миссии царей и императоров по реализации концепции «Москва — третий Рим». Мир должен принять тот факт, что он действительно в это верит. В то же время он прагматик, а это значит, что латиноамериканские или ближневосточные диктаторы мало что значат для него, как и судьба этих стран и их народов. Путин однажды четко заявил, что мир без России ему не нужен. С этой точки зрения, российский президент рассматривает Сирию и Латинскую Америку исключительно как предмет торга в будущем диалоге с США и Китаем по новой структуре мирового порядка. Венесуэла и Боливия — это страны, которые, согласно доктрине Монро, относятся к зоне особых политических, экономических и военно-технических интересов Соединенных Штатов. В прошлом Россия (в то время в лице СССР) и Америка уже сталкивались друг с другом в этой зоне геополитических интересов Вашингтона. Во время карибского кризиса 1962 года администрация Кеннеди была готова принять самые решительные меры, чтобы избавиться от советских ядерных ракет, расположенных вблизи штата Флорида. В тот момент холодная война почти переросла в первую глобальную ядерную войну между двумя сверхдержавами. Из этого кризиса Москва извлекла два основных урока. Во-первых, Вашингтон готов начать войну, если другое государство перейдет границы дозволенного в странах американского континента. Во-вторых, случаи с латиноамериканскими странами можно использовать в качестве темы переговоров, а также для того, чтобы достичь дальнейших уступок с американской стороны по более важным вопросам (например, таких, как соглашение о выводе ракет из Турции во время кубинского кризиса 1962 года). Путин довольно осторожен. С одной стороны, он не переходит границ и не предпринимает рискованных шагов. С другой стороны, он возвращает «русский фактор» в зону доктрины Монро. Для России важно, чтобы Мадуро и другие латиноамериканские политики стали головной болью для Вашингтона. И чем сильнее будет эта боль, тем лучше. Политический расчет кремлевских стратегов основан на том факте, что США рано или поздно обратятся к Кремлю с просьбой помочь им в решении определенной задачи. Москва согласится помочь в обмен на нечто, связанное, например, с Украиной или развертыванием системы противоракетной обороны в Восточной Европе. Военно-политическая элита Путина убеждена, что прагматичный Дональд Трамп рассматривает далекую Украину, которая приносит ему одни лишь проблемы, как менее значимую в стратегическом отношении страну, чем соседняя Венесуэла или Куба. Таким образом, Москва хочет наладить с Соединенными Штатами диалог о том, чтобы две эти державы вернулись к модели разделения зон влияния и ответственности. Путин стремится добиться полного господства России на постсоветском пространстве; он считает его частью российской зоны геополитического влияния с цивилизационной, исторической и экономической точки зрения. Следовательно, со стороны путинской России речь идет не о каких-либо субъективных политических пристрастиях, а о явном прагматизме. Дэн Кэлмик (Den Kalmyk) — кандидат экономических наук, эксперт в области экономики. Был доцентом в Оксфордском и Йельском университетах.   Материалы ИноСМИ содержат оценки исключительно зарубежных СМИ и не отражают позицию редакции ИноСМИ. Присоединяйтесь к нам в Одноклассниках, чтобы быть в теме главных событий. 	society	Политика, а значит "Общество"
https://korrespondent.net/business/financial/4160164-byrzhy-ssha-zakrylys-preymuschestvenno-v-pluise	Биржи США закрылись преимущественно в плюсе	Индекс Dow Jones вырос на 0,33% – до 27783,59 пункта. Индекс S&P 500 прибавил 0,07% – до 3093,97 пункта. NASDAQ упал на 0,05% – до 8482,1 пункта.По материалам: Корреспондент.biz 	economy	Биржевые новости - "Экономика"
https://rueconomics.ru/417758-raskryt-gonorar-sofii-rotaru-za-novogodnii-korporativ-v-moskve	Раскрыт гонорар Софии Ротару за новогодний корпоратив в Москве	Народная артистка СССР София Ротару подтвердила свое участие организаторам новогоднего концерта «Песня года» после отказа выступать там в прошлом году из-за ситуации на Украине. Съемки пройдут на площадке «ВТБ Арена» 7 декабря, а эфир с участием легенды отечественной эстрады покажут 1 и 2 января 2020 года на канале «Россия 1». Также 72-летняя Ротару выступит 14 декабря на фестивале «Легенды ретро FM» и еще рассматривает предложения о новогодних корпоративах в Москве. По данным «Комсомольской правды», гонорар певицы включает оплату транспортных расходов из Украины в Россию, проживание, а также сам концерт. Итоговая сумма составляет 50–60 тысяч долларов, или 3,1–3,8 млн рублей. Ранее в Сети появились публикации о том, что секрет молодости Ротару заключается в пластическом гриме. Читайте нас в Яндексе 	entertainment	Профессиональная деятельность певицы - "Культура и развлечения"
https://www.f1news.ru/interview/leclerc/141153.shtml	Шарль Леклер: Задача на гонку довольно сложная	Шарль Леклер остался недоволен собой после неудачной второй попытки в квалификации: гонщик Ferrari показал только четвёртое время, хотя рассчитывал бороться за поул. После штрафа за замену двигателя ему предстоит начинать гонку со второй половины стартового поля – Шарль признал, что в воскресенье придётся решать сложную задачу, поскольку машина Ferrari не отличается высоким гоночным темпом. Вопрос: В первой части квалификации вы выполнили три попытки?Шарль Леклер: Да, три быстрых круга, но первую сессию мы всё-таки преодолели, а вот в финале я остался очень недоволен тем, как проехал свой круг. Думаю, что первая попытка в финале была достаточно неплохой, во второй мы тоже были близки к поулу, но в последнем повороте я допустил серьёзную ошибку, которая стоила мне три или четыре десятых. Но такова жизнь! Полностью моя вина, и это должно стать мне уроком. Вопрос: Вы знали, что получите штраф в виде потери стартовых позиций, но всё-таки пытались бороться за поул? Или вашей главной задачей было добиться возможности стартовать на шинах средней жёсткости?Шарль Леклер: Думаю, мы отлично сработали во второй квалификационной сессии и прошли в финал на шинах с жёлтой маркировкой – этим я очень доволен. Но в третьей сессии, даже несмотря на штраф, я бы хотел показать более высокий результат. Вопрос: А что конкретно произошло в решающей попытке?Шарль Леклер: Я сам наделал глупостей! Однозначно, машина позволяла бороться за поул, но я не справился с задачей. В последнем повороте я проехал прямо, и на выходе из него машина оказалась на траве. Если бы не это, возможно, я бы показал лучшее время. Впрочем, это мало что меняет, поскольку я получу штраф, но если бы я взял поул, это было бы лучше для всех. Вопрос: В любом случае на вашей машине установлен новый двигатель, и у вас будет возможность прорываться вперёд, поэтому вы наверняка постараетесь финишировать поближе к подиуму, а может быть, даже подняться на него?Шарль Леклер: Очень оптимистичный прогноз, но мне нравится такой подход! Мне тоже надо бы так настроиться, хотя задача достаточно сложная, потому что пока гоночный темп оставляет желать лучшего, но я собираюсь полностью выложиться – надеюсь, это позволит добраться до подиума. В любом случае, я намерен получить удовольствие! Вопрос: Какую тактику можно попытаться применить в гонке, чтобы выполнить эту задачу?Шарль Леклер: Пока не знаю, завтра посмотрим, но понятно, что мы стартуем на шинах средней жёсткости, хотя не думаю, что это обеспечит какое-то существенное преимущество. На этой трассе разница между составами Soft и Medium в плане деградации невелика, но мы попытаемся что-нибудь придумать. Вопрос: Какой фактор вы считаете ключевым, чтобы добиться успеха на этой трассе в условиях сухой погоды, которая ожидается в воскресенье?Шарль Леклер: Однозначно, очень важен хороший темп. В Остине он был неважный, и над гоночным темпом нам ещё нужно работать, поэтому на третьей тренировке мы специально ездили с высокой топливной нагрузкой, это позволило кое-что прояснить – надеюсь, мы сможем использовать этот опыт по ходу гонки. Вопрос: Похоже, ваша машина была очень быстра на третьем секторе, хотя не особенно быстра на втором – значит ли это, что в воскресенье в вашем исполнении мы увидим много обгонов?Шарль Леклер: Если честно, в первой попытке в финале я и второй сектор проехал неплохо, это вторая попытка была неудачной. Но какие-то обгоны, надеюсь, увидите! 	sports	Гонки - "Спорт"
https://stadium.ru/news/17-11-2019-figuristi-aleksandra-boikova-dmitrii-kozlovskii-viigrali-etap-gran-pri-v-moskve-v-parnom-katanii	Фигуристы Александра Бойкова – Дмитрий Козловский выиграли этап Гран-при в Москве в парном катании	Две российские пары завоевали золото и серебро на пятом этапе Гран-при в Москве. Александра Бойкова – Дмитрий Козловский одержали вторую победу в серии, Евгения Тарасова – Владимир Морозов стали серебряными призерами. Бронза у немецкой пары Минерва Фабиенне Хазе – Нолан Зигерт. Россияне Ксения Столбова – Андрей Новоселов завершили соревнования на 5-м месте, сообщает пресс-служба Федерации фигурного катания на коньках России (ФФККР). Александра Бойкова – Дмитрий Козловский впервые в карьере отобрались во взрослый финал Гран-при, выиграли этапы в Канаде и России. Фигуристы из Петербурга в произвольной программе на московском льду сделали все элементы: параллельный 3-й сальхов, каскад 3-й тулуп + 2-й тулуп + 2-й тулуп, подкрут 4-го уровня, поддержки 4-го уровня, выбросы 3-й флип и 3-й ритбергер, вращения 3-го уровня и тодес 2-го уровня. На пресс-конференции после выступления Дмитрий Козловский рассказал, что мотивировало его на такой прокат произвольной. ``Начну с интересной истории. Когда вчера мы вернулись с тренировки, то Саше на телефон пришло уведомление о видео с ютуба под названием ``Царя Самарина вчера никто не смог победить``. Поскольку мы проживаем в гостинице в одном номере с Сашей Самариным, то я подумал, что должен что ли соответствовать ему... А если отбросить шутки, то мы очень рады, что впервые отобрались во взрослый финал Гран-при, заработали себе путевку. Ранее я говорил, что у нас не было проходных этапов, не было легких соперников и мы рады, что в каком-то смысле преодолели себя``, -- сказал Дмитрий. Евгения Тарасова – Владимир Морозов, к сожалению, не смогли избежать ошибок в произвольной. Вместо параллельного 3-го сальхова сделали двойной, на каскаде из трех тулупов – тройного и двух двойных был недокрут. Фигуристам не удалось наверстать упущенных баллов после короткой программы. И хотя за произвольную они получили свой ``сизн бест``, но этого не хватило до первого места. ``Было неплохо. Есть над чем работать. У нас есть свои цели, свои планы. Мы идем своим путем. Мы не расстраиваемся. Видим свой прогресс. Это было лучше, чем раньше. Идем дальше – работаем``, -- прокомментировал Владимир Морозов. Первый в карьере совместный старт Ксении Столбовой и Андрея Новоселова не принес удовлетворения спортсменам. Фигуристы в целом справились с короткой программой, на произвольную их пока не хватило. Были помарки на прыжках, выбросе и поддержках. После короткой Ксения и Андрей занимали третье место, после произвольной опустились на пятое и в итоге стали пятыми. Спортсмены воздержались от комментариев, потому что пока комментировать что-либо рано. 	sports	Фигурное катание - "Спорт"
https://adindex.ru/news/offtop/2019/11/18/277094.phtml	«Газпром-медиа» запустил собственный бренд энергетических напитков	Starvit будет ориентирован на любителей здорового образа жизни Холдинг «Газпром-медиа» (НТВ, ТНТ, «Авторадио» и др.) запустил новое направление бизнеса — энергетические напитки под брендом Starvit. Об этом пишет газета «Коммерсантъ». Речь идет о растворимых таблетках Starvit Vitamin Energy, среди основных компонентов которых кофеин, теанин, экстракт корня женьшеня и китайский лимонник. Продукт позиционируется как «витаминный коктейль» и «натуральный стимулятор». Starvit станет зонтичным брендом, под которым планируется «линейка функциональных напитков», подтвердили изданию в «Газпром-медиа». Целевая аудитория — живущие в мегаполисах молодые люди в возрасте 20–40 лет, которые привыкли к интернет-покупкам, уточнили в компании. Он уже продвигается в социальных сетях, в том числе с помощью интеграций с блогерами. Гендиректором новой компании ООО «Старвит» стал Александр Самборский (руководит ООО «ТНТ-Регион»). Starvit — не первый непрофильный проект «Газпром-медиа». В августе холдинг стал соучредителем с долей 50% агентства по работе со звездами BubelMGT, основанного участницей шоу «Холостяк» на ТНТ Дусей Бубель. Также холдинг за недавнее время инвестировал в стартап Native Rent по пакетному размещению нативной рекламы, агентство по работе с блогерами Happy Monday Family, производителя детских товаров Nappy Club, агрегатор кейтеринговых сервисов Catery Catery. 	economy	Бизнес - "Экономика"
https://etcetera.media/uchenyie-vyiyasnyali-skolko-energii-chelovek-tratit-na-to-chtobyi-dumat.html	Сколько энергии человек тратит, чтобы думать	Люди, которые занимаются физическим трудом, нередко подшучивают над офисными сотрудниками и инженерами. В обществе бытует мнение, что они не напрягаются, ведь их работа – «стучать по клавиатуре». EtCetera выяснял, правда ли, что умственная работа не требует больших энергозатрат. ОБЯЗАТЕЛЬНЫЙ МИНИМУМ. В течение суток организм расходует энергию не только на силовые или умственные нагрузки, но и на поддержание жизненных процессов. Например, энергия тратится на дыхание и на работу внутренних органов. Так что даже если человек будет целый день лежать на диване в теплой комнате, его организм будет работать и тратить силы. Чтобы узнать, сколько калорий вы тратите таким образом, нужно вычислить показательBMR (базального метаболизма). В среднем мужчины в возрасте 30-39 лет при весе 70 кг тратят на основной обмен 1650 Ккал, а женщины того же возраста при весе 55 кг – 1260 Ккал. ФИЗИЧЕСКАЯ РАБОТА. Когда человек занимается какой-то деятельностью, его энергозатраты возрастают. И, чтобы выяснить, какое количество энергии он тратит за день, необходимо вычислить AMR (активный метаболизм), то есть умножить показатели основного обмена на коэффициент, соответствующий работе. Меньше всего энергии необходимо тем, кто ведет сидячий образ жизни (коэффициент – 1,2). При средней активности, например, физических нагрузках от 3 до 5 раз в неделю коэффициент возрастает до 1,55, а для профессиональных спортсменов – до 1,9. ПОЧЕМУ МЫ НЕ ЛЮБИМ ДУМАТЬ? В среднем в организме человека на мышцы приходится 35-45% от общей массы тела, а на мозг – всего около 2%. При этом он требует колоссальных энергетических ресурсов. Сергей САВЕЛЬЕВ, доктор биологических наук: В течение долгих веков эволюции организм приспосабливался экономить ресурсы, потому что у людей не было уверенности, что они смогут добыть себе пищу на следующий день. Современный человек редко испытывают острый недостаток в еде, поэтому не видит смысла в экономии энергии. Но привычка «экономить» заложена в нас на уровне генов и рефлексов. КАК РАБОТАЕТ МОЗГ? Врач-психиатр Андрей Курпатовобъясняет, что человеческий мозг работает не с фактами реальности, а с интеллектуальными объектами. Он постоянно получает сигналы извне через органы чувств, которые устроены так, что в один момент времени могут либо воспринимать информацию, либо передавать ее мозгу. Поэтому органы чувств на время «отключаются», чтобы передать мозгу сигнал. В результате мозг получает прерывистые сведения и «видит» не весь процесс, а его отдельные моменты. Затем ему приходится производить сложную и энергозатратную работу – реконструировать реальность по полученным фрагментам. Это можно сравнить с тем, как мы смотрим кино: лента состоит из отдельных картинок, но мы воспринимаем их как плавное движение. КАК ВОССТАНОВИТЬСЯ ПОСЛЕ НАГРУЗКИ? Сознательно остановить работу мозга мы не можем: он продолжает трудиться даже во сне – обрабатывает полученную за день информацию и синхронизирует работу полушарий. Поэтому лучший отдых для мозга – это смена деятельности. В отличие от деятельности мозга, работа мышц находится в зоне нашего контроля. Лучшие способы восстановления после физической нагрузки определили ученые французского университета Пуатье. В 2018 году они исследовали три базы данных – PubMed, Embase и Web-of-Science и пришли к выводу, что наиболее эффективно снимает усталость мышц массаж и компрессионная (утягивающая) одежда. А для снятия воспаления мышц лучше использовать массаж в сочетании с прохладной ванной. 	not_news	Не новость
https://life.ru/t/%D0%B0%D1%80%D1%82%D0%B8%D1%81%D1%82%D1%8B/1255224/volochkova_pokhudiela_do_pughaiushchiegho_sostoianiia_i_diietologhi_boiatsia_chto_budiet_dalshie	Волочкова похудела до пугающего состояния, и диетологи боятся, что будет дальше	Недавно Анастасия поделилась снимком, на котором предстала в новом дерзком образе с короткой стрижкой. Но на этом перемены во внешности не закончились. Волочкова рассказала, что практически ничего не ест и проводит по восемь часов в день у станка, репетируя новое шоу. Результат танцовщица демонстрирует на снимках, где выглядит худой и измождённой. Такой образ жизни экс-балерины у многих вызвал беспокойство. По словам диетолога Нади Шарк, организм, недополучающий необходимые питательные вещества, может выйти из строя, пишет КП. Но, возможно, Волочкова дополнительно использует витамины, минералы, БАДы. Не остались в стороне и подписчики Анастасии в ``Инстаграме``. Напуганные фанаты предположили, что у танцовщицы вскоре могут возникнуть серьёзные проблемы со здоровьем, и даже заподозрили в начинающейся анорексии. Бывшая девушка Тимати выложила фото в бикини, напугав своей фигурой даже медиков 	other	Личная жизнь знаменитостей - "Прочее"
https://www.rlsnet.ru/news_102654.htm	Актуальные вопросы офтальмологии	ФГБУ ДПО «Центральная государственная медицинская академия» Управления делами Президента Российской Федерации 22 ноября 2019 года проводит научно-практическую конференцию «Актуальные вопросы офтальмологии». Научный руководитель — И.Э. Иошин, д.м.н., профессор, заведующий офтальмологическим центром ФГБУ «Клиническая больница» Управления делами Президента РФ, главный внештатный специалист офтальмолог Управления делами Президента РФ. Организаторы Программа конференции Конференция будет транслироваться онлайн. Необходимо зарегистрироваться в специальной форме на официальном сайте мероприятия, ссылка для просмотра будет отправлена на указанный при регистрации адрес электронной почты. Документация по конференции представлена в Комиссию по оценке учебных мероприятий и материалов для НМО (www.sovetnmo.ru). Начало научной программы в 09.00. Место проведения: Москва, ФГБУ «Поликлиника №1», Калошин пер., д. 3, стр. 2 (проходная). 	science	Новость про науку
https://www.ural56.ru/news/637593/	Стало известно, зачем оренбургская филармония купила скрипок на 9 млн.руб.	В Оренбургской областной филармонии появится симфонический оркестр. Именно для его музыкантов учреждение недавно закупило немецкие скрипки на сумму почти 9 млн. рублей. Симфонический оркестр создадут на базе камерного оркестра, который существует уже 20 лет. Благодаря нацпроекту «Культура» появилась возможность сделать большой музыкальный коллектив. Для этого филармонии были выделены средства на покупку инструментов. В октябре учреждение закупило 14 скрипок немецкой фирмы, их приобретение обошлось в 9104800 руб. В Минкульте пояснили, почему были выбраны столь недешевые инструменты. Выбор делали сами музыканты. Сообщается, что скрипки изготовлены из дорогих пород дерева вручную, что позволит получать качественный звук. Музыкальный инструмент. Фото: Минкультуры Оренбургской области Кроме того, учреждение культуры планирует приобрести еще несколько акустических и цифровых музыкальных инструментов, среди них духовые и фортепиано. Добавить Ural56.ru в избранные источники Яндекс Новости 	entertainment	Концерты в филармонии - "Культура и развлечения"
https://www.the-village.ru/village/city/news-city/366099-novikov-v-luzhnikah	Novikov Group откроет три заведения в «Лужниках»	Группа компаний Аркадия Новикова получила право работать оператором питания в олимпийском комплексе «Лужники». Первые три точки общей площадью в тысячу квадратных метров откроют во Дворце водных видов спорта. На них, по оценке самого ресторатора, потребуется не менее 100 миллионов рублей. По словам Новикова, после в «Лужниках» могут появиться и другие его проекты. На первом этаже появится кофейня с выпечкой и сэндвичами со средним чеком в 200–700 рублей и ресторан на 150 гостей (поесть там можно будет за 1,5–2 тысячи), его концепцию определят позднее. В аквапарке откроется фастфуд-кафе с чеком от 300 до 500 рублей. Олимпийский комплекс «Лужники», открывшийся в 1956 году, последние пять лет находится на реконструкции. Помимо Дворца водных видов спорта, там строят теннисный центр, ледовую арену «Кристалл» и универсальный спортивный комплекс «Дружба». Источник: «Ведомости» 	economy	Бизнес - "Экономика"
https://burunen.ru/site/news?id=29950	​​Георгий Кушиташвили представляет Бурятию на чемпионате России по боксу	Георгий Кушиташвили В Самаре стартовал чемпионат России по бок­су. Официальная церемония открытия состоялась в областном спорткомплексе «МТЛ-Арена». Волжский город принимает главный старт страны в четвертый раз, сообщает газета ``Бурятия``. Чемпионат очень важен в плане комплектования со­става сборной России для участия в квалификационном турнире за право поехать на Олимпиаду-2020. На ринг вышли свыше 300 боксеров из 58 регионов Рос­сии. К сожалению, наши Батор Сагалуев, Доржо Раднаев, Николай Харнахоев, Радна Цыбиков уступили в первых же боях. Надежда на медаль осталась только у Георгия Кушиташвили, выступающего в весовой категории до 81 кг. Перед стартом Георгий поделился на сайте федерации бокса РФ своими задачами на чемпионате. - После чемпионата мира в Екатеринбурге мы особо не восстановились и не отдохнули, и снова сразу в бой. Но что поделаешь - это наша работа. После неудачи на чемпи­онате мира очень переживал. Признаюсь, там я выступил плохо. Знаю свои силы, и могу выигрывать на чемпионатах мира. На чемпионате России я в лучшем состоянии, чем был в Екатеринбурге. Сейчас у меня одна задача – поехать на Олимпийские игры, а потом уже задумываться о про­фессиональном ринге, - отметил он. В Самаре наш земляк провел два боя на предваритель­ной стадии. Сначала Георгий взял верх над представителем Мурманской области Равшаном Эргашевым, затем над Са­велием Садома из Хабаровского края. Завершится чемпионат в субботу, 16 ноября. Фото с сайта федерации бокса России 	sports	Бокс - "Спорт"
https://tvkultura.ru/article/show/article_id/352557	Теодор Курентзис и MusicAeterna стали лауреатами премии Edison Klassiek	Запись Шестой симфонии Малера, сделанная оркестром MusicAeterna под управлением Теодора Курентзиса была отмечена престижной музыкальной премией Edison Klassiek — 2019. Члены жюри назвали запись ошеломительной. «Теодор Курентзис как будто заново сочиняет эту партитуру, и ты ловишь себя на мысли, что ты как будто никогда прежде не слышал музыку Малер», - сказано в сообщении. Это не первая победа Курентзиcа и оркестра MusicAeterna. Исполнители получают премию Edison Klassiek третий год подряд. В 2017 году этой награды была удостоена запись Don Giovanni Моцарта в номинации «Опера», а в 2018 году — Шестая («Патетическая») симфония Чайковского в номинации «Оркестр». Фото: Вадим Шульц 	entertainment	Музыка - "Культура и развлечения"
https://meduza.io/news/2019/11/14/kompaniya-facebook-vpervye-raskryla-dannye-ob-udalenii-kontenta-iz-instagrama-za-polgoda-tam-zablokirovali-bolshe-treh-millionov-postov	Компания Facebook впервые раскрыла данные об удалении контента из инстаграма. За полгода заблокировали больше трех миллионов постов	Компания Facebook представила отчет об удалении контента во втором и третьем квартале 2019 года. В него впервые включены данные про инстаграм (принадлежит Facebook). В общей сложности в апреле-сентябре из инстаграма было удалено не менее 3,3 миллиона постов, нарушающих политику соцсети. Речь идет о записях, попавших в одну их четырех категорий: суицид и причинение вреда себе (1,7 миллиона удаленных постов), фото детей с изображением обнаженного тела и сексуальная эксплуатация детей (1,3 миллиона постов), террористическая пропаганда (240 тысяч постов) и покупка или продажа запрещенных товаров (1,55 миллиона постов только за третий квартал 2019 года). Статистика по другим категориям не представлена. В отчете отмечается, что в абсолютном большинстве случаев записи были обнаружены и удалены до того, как на них пожаловались пользователи. 	technology	Инстаграм, Facebook - "Технологии"
https://www.searchengines.ru/local-expand.html	Google Ads расширяет функционал локальных и торговых кампаний	Google Ads приступил к запуску ряда обновлений для локальных и торговых кампаний. Новые функции станут доступны в ближайшие недели. На момент запуска в 2018 году основной целью локальных кампаний было привлечение покупателей в торговые точки, а единственной целью для оптимизации были посещения магазина. Теперь локальные кампании также будут поддерживать и другие цели, такие как звонки или  запросы маршрута, для которых не нужен учёт посещений. В скором времени рекламодатели, использующие локальные кампании, смогут загружать фиды товаров и выбирать набор товаров для показа в объявлениях в контекстно-медийной сети Google. Объявление на примере ниже содержит информацию о часах работы магазина, картинку и перечень доступных в магазине товаров. Новая функция позволит показывать торговые точки тем пользователям, которые прокладывают маршрут, проходящий рядом с ними. При нажатии на пин магазина пользователи увидят более подробную информацию о нём и смогут добавить соответствующую остановку в свой маршрут. Рекламодатели смогут добавлять в эти объявления две новые CTA-кнопки: «Pick up today» (забрать сегодня) и «Pick up later» (забрать позже). Эта функция пока находится на стадии бета-тестирования. С её помощью рекламодатели могут помечать те товары, которые можно забрать в магазине сразу после покупки онлайн, а также те, которые можно заказать онлайн и получить в магазине позже. Чтобы присоединится к бете, нужно связаться с менеджером Google Ads. В сентябре Google Ads позволил использовать данные о посещениях магазинов при интеллектуальном назначении ставок в поисковых кампаниях. В ближайшие недели эта опция также станет доступна для торговых и умных торговых кампаний. Напомним, что Google Ads анонсировал новые функции для локальных кампаний в мае. 	technology	Интернет - "Технологии"
https://utro.ru/life/2019/11/05/1423358.shtml	Зима отменяется: синоптики рассекретили ``план`` декабря	прочитано 829 раз Грядущая зима не запомнится россиянам лютыми морозами. Холоднее обычного будет лишь на Дальнем Востоке в декабре, предупредил исполняющий обязанности директора Гидрометцентра России Роман Вильфанд. У жителей большинства регионов следующий месяц оставит самые теплые воспоминания в прямом смысле слова, передает ``Российская газета``. Также россиян ожидает стандартный январь, отметил синоптик. Сюрпризы грозят лишь Якутии. А вот февраля стоит бояться центру и северо-западу России. Последний зимний месяц будет прохладнее, чем все привыкли, передает ``ФедералПресс``. Осадки же спрогнозировать не так-то просто, добавил специалист. Однако в ближайшее время снега быть не должно, уверил он с небольшой оговоркой. Ситуация за окном напомнит сентябрьскую – будет тепло и сыро. Завтра, 6 ноября, ``день будет гораздо более дождливый, чем сегодня``. В среду данная тенденция сохранится, но подует сильный ветер. Погода начнет портиться с четверга, 8 ноября. Тогда температура составит +5…+8° С. Однако уже в воскресенье она поднимется до +11° С. Жителям Северной столицы повезло меньше. Там уже сегодня, 5 ноября, синоптики прогнозировали мокрый снег, температуру +1...-1° С и штормовой ветер, пишет FlashNord. 	other	Погода - "Прочее"
https://news-r.ru/news/rostov_oblast/382950/	В Аксае простятся с погибшем рок-гитаристом «Cotton Joe» Елисеем Коробецким	Музыкант трагически погиб, возвращаясь с концерта в Сочи Ростов-на-Дону, 12 ноября. Жизнь ростовского гитариста ростовской рок-группы трагически оборвалась 10 ноября на Кубани. Елисея Коробецкого не стало в возрасте 34-х лет. В тот день он возвращался с концерта в Сочи на попутке вместе с ребятами. В катастрофе погиб лишь Елисей. Прощание с артистом пройдет в его родном городе в Аксае. Информация об этом появилась на личной странице погибшего. Сообщается, что проститься с Елисеем можно будет в 12.00 13 ноября по адресу проспект Шолохова 214/2. В 12.40 состоится выезд на кладбище, затем в 13.20 отпевание в часовне. Погребение намечено на 14.00. Помины пройдут в 15.00. Отмечается также, что транспорт предоставляется. Тем временем, на официальной странице коллектива размещено соболезнование родным в связи с утратой. - Погиб наш коллега, друг, товарищ, отличный музыкант, гитарист группы Cotton Joe rockabilly band Елисей Коробецкий. Приносим глубочайшие соболезнования его семье, близким, - написали участники коллектива. Ранее «Регион online» сообщал о том, что в дорожно-транспортном происшествии в Краснодасрком крае погиб Елисей Коробецкий, гитарист рокабилли-бэнда Cotton Joe из Ростова-на-Дону. По предварительной версии, водитель уснул за рулем и столкнулся с попутным авто. Читайте нас в  News 	other	Смерти знаменитостей - "Прочее"
https://overclockers.ru/blog/goldas/show/31704/xiaomi-dobavit-podderzhku-voiceprint-v-seriju-mi-tv-5	Xiaomi добавит поддержку Voiceprint в серию Mi TV 5	Начислено вознаграждениеЭта новость написана посетителем сайта, и за неё начислено вознаграждение.   Недавно компания Xiaomi подтвердила, что в настоящее время тестирует интересную функцию Voiceprint для своей недавно анонсированной линейки телевизоров Mi TV 5. В скором времени компания добавит поддержку голосовой печати на новых моделях Mi TV 5. Точной даты внедрения новой функции пока нет, но обновление должно скоро появиться. Voiceprint сделает использование телевизоров Mi TV 5 для каждого отдельного человека сугубо индивидуальным. С поддержкой голосовой печати Mi TV 5 сможет распознавать каждого пользователя по его или ее уникальному голосу.    Представьте себе ситуацию, когда вы можете обратиться к телевизору, и он сразу же узнает вас, подстроится под конкретный профиль и покажет ваш персонализированный контент и рекомендации. Другой хороший пример - когда вы можете просто сказать: «Продолжить с предыдущего видео», - и телевизор автоматически воспроизведет видео, которое вы в последний раз воспроизводили. Это как профиль отпечатка пальца, но для голоса. Mi TV 5 поставляется в обычном и Pro вариантах, с 4 ГБ ОЗУ и 64 ГБ встроенной памяти для обеспечения наиболее плавной работы. Как обычно, этот новый Smart TV от Xiaomi поставляется с собственным пользовательским интерфейсом PatchWall. Никуда не денется у новинки и традиционная поддержка Dolby Audio и DTS HD Sound. 	technology	Смартфоны - "Технологии"
https://discover24.ru/2019/11/v-sakkare-obnaruzheno-drevnee-podzemele-kotoroe-sozdali-ne-egiptyane/	В Саккаре обнаружено древнее подземелье, которое создали не египтяне	В некрополе египетского поселения Саккара археологам удалось найти древние катакомбы, возведением которых занимались не египтяне. Согласно словам специалистов, это подземелье было создано почти 2 000 лет назад. Они считают, что его построили древние римляне. Ученые заметили в нем большую погребальную зону, вырубленную прямо в скале. Она включает в себя 15-метровый зал и множество ниш, вырезанных в боковых стенках. После осмотра всех ниш ученые обнаружили терракотовые статуэтки с изображением различных богов. Археологи добавили, что жители Египта воспользовались этими катакомбами повторно после ухода римлян. Рядом с ними располагались еще несколько обычных захоронений, которые, скорее всего, были сделаны в период существования Византии. 	science	"Наука"
https://www.fontanka.ru/2019/11/08/100/	Китайцы начинают «электрическое» вторжение в Европу. Первым будет кроссовер – дешевле хетчбэка	Шанхайский автопроизводитель Aiways получил все необходимые сертификаты для того, чтобы выпустить на рынок первый китайский электрический кроссовер в Европе. Aiways U5 будет представлен в Китае 29 ноября и сначала поступит на внутренний рынок, сообщает 8 ноября Bloomberg. Продажи планируется начать во втором квартале следующего года. Для европейского рынка будет подготовлена специальная модификация, учитывающая местные вкусы и требования регуляторов. Компания осознает, что вступает на рынок, где десятилетиями доминировали местные, американские и японские автопроизводители, и отвоевать себе место будет непросто, заявил журналистам соучредитель Aiways Фу Цян. Однако за ее продвижением в Европе будут внимательно следить десятки подобных китайских компаний, производящих электромобили и имеющих не менее масштабные амбиции. На фоне слабеющих продаж внутри Китая экспансия на европейский рынок выглядит логичным шагом. По мнению Bloomberg, сам по себе этот шаг уже знаменует «исторический» разворот, поскольку на протяжении многих лет, наоборот, европейские и американские автопроизводители старались завоевать китайский рынок. Теперь же набирает силу движение в обратном направлении. Китайские автомобили с традиционными двигателями давно уже стали привычными за пределами страны – но не электрические. А между тем, именно Китай является мировым лидером как по количеству, так и по разнообразию моделей электрокаров. Их выпуском заняты более полутысячи компаний – это настолько много, что даже вызвало озабоченность у властей. Судя по всему, китайцы на европейском рынке электромобилей собираются применить свое испытанное оружие – низкие, почти демпинговые цены. Aiways U5, по заявлению господина Фу Цяна, будет стоить от 25 тысяч евро. Аналогичные электрокроссоверы немецкого или американского производства обходятся в разы дороже, и даже многие хетчбэки, такие как Volkswagen ID.3 или Opel Corsa E, стоят или дороже, или почти столько же. 	technology	Авто - "Технологии"
https://news-r.ru/news/events/381363/	Страшный взрыв в кафе Бишкека из-за газовых баллонов «Антошка» попал на видео	В результате чрезвычайного происшествия пострадали несколько человек, сейчас они находятся в больнице Бишкек, 8 ноября. Жуткое ЧП случилось в одном из популярных заведений общепита в столице Киргизии Бишкеке. Сегодня утром, 8 ноября, в одном из кафе, расположенном в центре города, произошло сразу три мощных взрыва. Причиной ЧП, предположительно стали газовые баллоны «Антошка», которые сдетонировали в заведении. Из-за взрывов начался страшный пожар, охвативший закусочную буквально со всех сторон. Известно, что в момент ЧП в здании кафе находились люди. Сейчас на месте происшествия работает полиция и экстренные службы. Причины и обстоятельства случившегося устанавливают местные правоохранители. Ранее «Регион online» писал, что люди пострадали от взрыва в кафе в центре Бишкека. Медицинская помощь понадобилась, как минимум, двум местным жителям. Читайте нас в  News 	society	Происшествие - "Общество"
https://korrespondent.net/ukraine/4156394-sutky-na-donbasse-6-obstrelov-odyn-voennyi-ranen	Сутки на Донбассе: 6 обстрелов, один военный ранен	 В воскресенье, 3 ноября, незаконные вооруженные формирования нарушили режим прекращения огня 6 раз, в результате обстрелов ранение получил один украинский военнослужащий, сообщает пресс-центр операции Объединенных сил. Противник обстрелял позиции наших подразделений из гранатометов различных систем, крупнокалиберных пулеметов и стрелкового оружия. 5 обстрелов позиций украинских сил было осуществлено в районе ответственности оперативно-тактической группировки ``СЕВЕР`` - возле Новолуганского, Хутора Свободного, в районе Золотого, вне участка разведения, дважды - близ населенного пункта Луганское.  В районе ответственности оперативно-тактической группировки ``ВОСТОК`` противник из станковых и автоматических гранатометов обстрелял позиции украинских сил возле Водяного. Вместе с тем продолжаются мероприятия в области разведения №2 в районе н.п. Золотое-4 Луганской области. ``Проходит техническое обследование, разминирование дорог и обочин, очистка местности, загрязненной взрывоопасными предметами, которое по графику продлится до 9 ноября``, - сообщили в штабе. Напомним, ранее президент Владимир Зеленский поздравил воинов и ветеранов ракетных войск и артиллерии с профессиональным праздником и выказал требование, чтобы они держали ``порох сухим`` и были гарантами тишины на Донбассе 	society	Военные действия - "Общество"
https://www.kommersant.ru/doc/4162548	СМИ сообщили о расследовании в отношении адвоката Трампа	Федеральная прокуратура в Нью-Йорке начала расследование в отношении Рудольфа Джулиани, личного адвоката президента США Дональда Трампа, сообщают The Wall Sreet Journal (WSJ) и Bloomberg со ссылкой на источники. По данным Bloomberg, прокуроры проверяют, нарушал ли господин Джулиани правила финансирования избирательных кампаний. В октябре за аналогичные нарушения в США были задержаны два бизнесмена советского происхождения Лев Парнас и Игорь Фруман, которых считают близкими к Рудольфу Джулиани. По данным WSJ, прокуратура также хочет проверить, получал ли адвокат президента США личную выгоду от энергетических проектов на Украине, продвижением которых занимались господа Парнас и Фруман. Сам господин Джулиани отрицает заинтересованность в каком-либо украинском бизнесе. Как утверждают собеседники WSJ, в 2019 году Лев Парнас и Игорь Фруман на встречах с украинскими официальными лицами и представителями энергетического сектора рассказывали о планах прокладки трубопровода из Польши в Украину, который бы транспортировал природный газ из США. Бизнесмены утверждали, что проект получил поддержку администрации Дональда Трампа. На «многих из этих встреч» предприниматели также просили «посодействовать» в расследовании дела против политического соперника господина Трампа, бывшего вице-президента США Джо Байдена. Также бизнесмены якобы просили помощи с делом о предполагаемом вмешательстве Украины в выборы в США 2016 года, добавили источники издания. Во время встреч, которые господа Парнас и Фруман проводили с украинскими чиновниками этим летом, они называли Рудольфа Джулиани своим партнером в прокладке трубопровода, проектом которого занималась принадлежащая бизнесменам компания Global Energy Producers (GEP), уточняет WSJ. Один из источников газеты заявил, что предприниматели считают господина Джулиани «перспективным инвестором» их компании, но его роль была преувеличена. Сам Рудольф Джулиани категорически отрицает какую-либо причастность к энергетической компании или к трубопроводу. «У меня нет личной заинтересованности в каком-либо бизнесе на Украине, включая этот»,— заявил адвокат. Он также добавил, что ему неизвестно о предполагаемом расследовании прокуроров. «Если они действительно хотят знать, являюсь ли я партнером (Льва Парнаса и Игоря Фрумана.— “Ъ”), почему они не спросят меня?» — сказал адвокат. Господин Джулиани отметил, что его работа на Украине «координировались с Госдепартаментом». Адвокат при этом отметил, что не считает разумной идеей вести какой-либо бизнес на Украине. «Я не знаю, что они (господа Парнас и Фруман.— “Ъ”) говорили обо мне другим людям. Я никак не причастен к GEP. Я никогда не соглашался быть частью этой компании. Я даже не уверен, что меня когда-либо просили об этом»,— утверждает адвокат. Он добавил, что если бы Лев Парнас и Игорь Фруман спросили его юридическое мнение, он посоветовал бы им избегать участия в сделках с какой-либо собственностью на Украине, потому что, с учетом их сотрудничества с господином Джулиани, подобная ситуация «выглядела бы глупо». По данным Bloomberg, прокуроры также хотят выяснить, мог ли адвокат президента США быть причастен к подкупу иностранных чиновников или заговору. Начатое расследование представляет «серьезную угрозу президентству Трампа», считает агентство. Bloomberg называет Рудольфа Джулиани «центральной фигурой» в инициированном в США деле об импичменте Дональда Трампа. Напомним, как установило американское следствие Лев Парнас и Игорь Фруман незаконно финансировали предвыборные кампании американских политиков на деньги неназванного российского предпринимателя. Кто именно получил финансирование от обвиняемых, не уточнялось. Следствие также выяснило, что бизнесмены «стремились продвигать политические интересы по крайней мере одного украинского официального лица», его имя неизвестно. Для перечисления денег на предвыборные кампании они и создали GEP, которая, как они утверждали, занималась импортом и экспортом СПГ. Всего в рамках дела были задержаны четыре человека — под следствие также попали Андрей Кукушкин (тоже выходец из СССР) и Дэвид Коррей. Лев Парнас согласился дать показания в рамках процедуры импичмента Дональда Трампа. Как проходят слушания по импичменту, читайте в материале “Ъ” «Трамп был с утра». Как процедура импичмента может повлиять на президентские выборы в США в 2020 году, читайте в материале журнала «Огонек». 	society	Политика - "Общество"
https://www.cybersport.ru/overwatch/videos/animator-cd-projekt-sozdal-neveroyatnye-roliki-dlya-luchshikh-momentov-matcha-v-overwatch	Аниматор CD Projekt создал невероятные ролики для лучших моментов матча в Overwatch	Поклонник Overwatch и аниматор CD Projekt Давид Lamb Кордеро создал новые неофициальные ролики для лучших моментов матча. Он сделал анимации для Genji, Zenyatta, D.Va, Tracer и других героев. Инсайдер Naeri собрал их в одном видео и опубликовал в твиттере. В роликах Кордеро Genji отражает пулю от Widowmaker, Lucio скидывает оппонента в колодец на карте Иллиос, а меха D.Va демонстрирует дэб. Ознакомиться с полным списком анимаций в хорошем качестве и посмотреть другие работы автора можно по ссылке. В ночь на 2 ноября Blizzard представила вторую часть Overwatch. Известно, что в шутере появится сюжетная линия и PvE-режим, а также новые персонажи. Дату релиза сиквела разработчики не сообщили. Прочитать подробнее о нововведениях Overwatch 2 можно тут. 	entertainment	Игры - "Культура и развлечения"
https://rns.online/economy/V-Kremle-napomnili-o-rabochem-dne-31-dekabrya-2019-11-13/	В Кремле напомнили о рабочем дне 31 декабря	Пресс-секретарь президента России Дмитрий Песков призвал не дискутировать на тему того, нужно ли делать 31 декабря выходным днем в этом году, несмотря на составленный Минтрудом график, передает «РИА Новости». «Было принято такое решение, день рабочий. Соответственно, надо работать», — сказал Песков, добавив, что россиян об этом решении предупредили заранее. Песков также добавил, что продолжительность зимних каникул может варьироваться. Каникулы в 2020 году будут короче, чем в предыдущие годы — с 1 по 8 января. 	society	Законы - "Общество"
https://tjournal.ru/news/125472-fsb-raskritikovala-zakonoproekt-o-cifrovyh-profilyah-grazhdan-iz-za-riska-utechki-personalnyh-dannyh	ФСБ раскритиковала законопроект о цифровых профилях граждан из-за риска утечки персональных данных	В ведомстве считают, что у законопроекта нет целей, которые предусматривают обработку персональных данных в таком объёме. ФСБ раскритиковала предложение о создании цифровых профилей граждан из-за риска утечки персональных данных граждан, подлежащих государственной защите (силовики, прокуроры, судьи — прим. TJ). В руки журналистов «Коммерсанта» попала копия письма с замечаниями ведомства Руководитель службы оперативной информации и международных связей ФСБ Сергей Беседа утверждает, что у законопроекта нет «конкретных целей, для достижения которых предусматривается обработка персональных данных в предлагаемом объеме». Он также указал, что предложение якобы сильно повышает риск утечки сведений о лицах, подлежащих государственной защите. Беседа заявил, что законопроект нуждается в доработке. Предложение также раскритиковали в комитете Госдумы по федеративному устройству. Депутаты указали, что необходимо детально проработать систему защиты. Они также указали на серьёзные расходы федеральных и региональных средств для создания платформы и предложили перенести рассмотрение законопроекта на март 2020 года. Законопроект о создании цифровых профилей граждан внесли в Госдуму в начале июля. Депутаты предлагают объединить всю информацию из различных ведомств о россиянах на единой цифровой платформе. Создание системы предусмотрено в рамках нацпроекта «Цифровая экономика». 	society	Законы - "Общество"
https://glavcom.ua/scotch/foto/kosmos-v-kazhdom-kadre-ulia-lord-snyala-klip-na-pesnyu-vilni--638729.html	Космос в каждом кадре: Ulia Lord сняла клип на песню «Вільні»	Украинская певица Юлия Лорд поделилась с меломанами клипом на новый сингл «Вільні». «Когда работаю над новым материалом, происходит магия, как я это называю - когда мир вокруг вступает в творческий процесс. То есть, в то время, как мы писали музыку вместе с Дмитрием Решетником к песне «Вільні», я случайно наткнулась на странное строение - заброшенную, незаконченную, в центре которой ринг, окруженный тремя уровнями этажей и накрыт металлическим ажурным куполом». «Потом мне приснился астронавт, блуждающий среди развалин, пытаясь понять, куда попал. Метафора наших собственных блужданий в поисках себя». «Этот «приют сталкеров» или объект, заброшенный инопланетянами, которые в силу специфики работы муниципальных органов не смогли ввести его в эксплуатацию, вдохновил меня на идею видео, которой я поделилась с Владимиром Кратинов и мы решили ее воплотить». Юлия ранее работала вместе с Владимиром, когда снимала видео на песню «Тело» с альбома «8 секунд». В разработке образа певице помог Олег Белый - White, дизайнер и фото-художник, автор обложки сингла «Вільні» и фото, сопровождавших релиз. 1 з 4на весь екран згорнути Всі фоторепоратажі Юлия с юмором рассказывает об идее произведения, однако совершенно серьезно можно утверждать, что мы все «свободные в каждом мгновении й минуте» в своем выборе и это - счастье, когда мы выбираем друг друга. 	entertainment	Музыка - "Культура и развлечения"
https://mel.fm/novosti/5317082-issledovaniye-vo-vremya-ikoty-organizm	Исследование: икота нужна детскому организму для настройки работы мозга и дыхательной системы	Вчера, 19:11 Вчера, 19:11 Учёные из Университета Лондона (University College London, UCL) пришли к выводу, что икота в самом раннем возрасте необходима детскому организму для налаживания работы мозга и дыхательной системы. У взрослых же, как предполагают нейрологи, икота скорее всего является рудиментарной функцией из периода младенчества. Авторы исследования утверждают, что непроизвольные движения диафрагмы вызывают в детском организме определенного рода импульсы, которые передаются в мозг и помогают при выстраивании через мозг работы всей дыхательной системы целиком. Многие из внутриутробных действий плода нужны для тренировки различных систем его организма и подготовки к жизни после родов. Аналогичное объяснение они увидели и в икоте не только новорожденных, но и во внутриутробной икоте, которая является одним из самых ранних действий, на которые способен плод. Например, известно, что ребёнок начинает икать в материнской утробе уже на девятой неделе. У новорождённого, особенно, если ребёнок родился недоношенным, икота является крайне частым явлением. Учёные замерили данные у детей в утробе матери на сроках от 30 до 42 гестационных недель, а также изучили показатели среди недоношенных. Икоту регистрировали при помощи датчиков движения и электроэнцефалограммы. Наблюдения показали, что сокращения мышц диафрагмы при икоте вызывали выраженный ответ в коре головного мозга. Тогда учёные предположили, что мозг новорожденного может связывать сам звук икоты с ощущением от сокращения мышц диафрагмы и запускать выработку навыка дыхания. Авторы исследования посчитали, что это заключение может помочь разобраться, что означает икота для взрослого организма и только ли это рудиментарный рефлекс, доставшихся нам из самого раннего периода развития. 	science	"Наука"
https://paperpaper.ru/papernews/2019/11/10/v-mojke-obnaruzhili-skelet-neizvestno/	В Мойке обнаружили скелет неизвестного человека. Водолазы искали останки девушки, в убийстве которой обвиняется историк Соколов	У Фонарного моста через реку Мойку водолазы нашли останки неизвестного человека. Поисковые работы проводились по делу доцента СПбГУ Олега Соколова, сообщает «Фонтанка». По информации издания, вечером 9 ноября водолазы обнаружили тело, которое уже успело полностью разложиться. Поиски проходили напротив дома, где проживал подозреваемый в убийстве студентки историк Соколов. Утром 9 ноября из Мойки спасли доцента СПбГУ Олега Соколова, в рюкзаке которого нашли отрубленные женские руки. В его квартире обнаружили труп 24-летней девушки, которая, предположительно, была его студенткой и сожительницей. Возбуждено уголовное дело. Вечером 9 ноября историк оформил явку с повинной. 	society	Криминал - "Общество"
https://meduza.io/cards/sledovateli-zasekretili-delo-ivana-golunova-hotya-zasekrechivat-prestupleniya-politseyskih-nelzya-i-chto-eto-zakonno	Следователи засекретили дело Ивана Голунова, хотя засекречивать преступления полицейских нельзя. И что, это законно?	Следствие объявило, что материалы уголовного дела, по которому проверяют полицейских, задерживавших корреспондента «Медузы» Ивана Голунова, полностью засекречены. Поэтому следователь отказался представить документы в суд, куда адвокат Голунова Сергей Бадамшин пожаловался на затягивание проверки. Никак. «Засекречено все уголовное дело, от обложки до последней странички, без объяснения причин», — приводит слова Бадамшина «МБХ медиа». Он подтвердил «Медузе», что следователь в суде не ссылался ни на какие нормы Уголовно-процессуального кодекса. Нет. Все дело как таковое засекретить нельзя, но можно объявить секретными входящие в него материалы. «Когда в материалах дела имеются сведения, составляющие государственную тайну, на материалы дела ставится гриф „секретно“. Однако это не означает, что засекречиваются материалы уголовного дела полностью — режим государственной тайны распространяется только на те документы, которые ее содержат», — рассказал «Медузе» адвокат «Команды 29» Евгений Смирнов. Например, если в деле только одна секретная справка, то на конкретный том ставится пометка, что в нем содержатся секретные сведения. Перечень сведений, которые подлежат засекречиванию, также ограничен. К гостайне нельзя относить сведения: Да, в теории. В той же статье закона «О гостайне», где перечислены сведения, которые нельзя засекречивать, сказано, что «должностные лица, принявшие решения о засекречивании перечисленных сведений… несут уголовную, административную или дисциплинарную ответственность». Но, как отмечает Смирнов, ни в Уголовном кодексе, ни в Кодексе об административных правонарушениях ответственности конкретно за такие действия нет. «Для того же, чтобы наказать должностное лицо в рамках статей 285, 286 и 293 УК, которые устанавливают ответственность за неисполнение/ ненадлежащее исполнение должностными лицами своих обязанностей, необходимо наличие существенного нарушения прав и законных интересов граждан или организаций либо охраняемых законом интересов общества или государства или крупный ущерб. Доказать такое существенное нарушение, или крупный ущерб практически невозможно», — добавил адвокат. Нет. Подписку о неразглашении данных расследования следователь может взять в любом уголовном деле. Проще говоря, дело необязательно должно быть секретным или содержать гостайну, чтобы следователь ограничил возможность фигурантов и адвокатов рассказывать о нем. Суд тоже можно засекретить. По умолчанию разбирательство в российский судах всегда должно проходить в открытом режиме — любой человек может прийти на любое заседание в любой суд. Но есть перечень случаев, когда разбирательство закрывают от посторонних: Два простых примера. Допрос главы «Роснефти» Игоря Сечина по делу против бывшего министра экономического развития Алексея Улюкаева, проходил в закрытом режиме: прокурор утверждал, что в словах Сечина есть коммерческая тайна. В деле Марии Мотузной свидетельниц, оскорбившихся ее постами, и сотрудника Центра «Э» также допрашивали в закрытом заседании — те рассказали о поступавших им угрозах. Да. Защитник дает подписку о неразглашении сведений, отнесенных к гостайне, после чего следователь допускает его к документам. Но работать с ними сложнее, чем обычно. «Для адвоката засекреченные материалы всегда головная боль — не дают делать копии документов, свои выписки из материалов, заметно осложняется и бюрократизируется процедура ознакомления делом, а судебные заседания всегда проходят в закрытом режиме, что лишает действенного в нашей стране инструмента защиты — гласности», — объяснил адвокат Евгений Смирнов. Через суд. По словам Евгения Смирнова из «Команды 29», вопросами гостайны занимаются суды субъектов Федерации (например, Мосгорсуд), помимо этого можно пожаловаться начальнику следователя, который засекретил материалы. Адвокат Сергей Бадамшин отказался комментировать, можно ли оспорить решение следствия по делу Ивана Голунова. 	society	Резонансное политическое дело - "Общество"
https://eadaily.com/ru/news/2019/11/05/rossiya-obognala-ssha-i-strany-evrosoyuza-po-eksportu-zerna	Россия обогнала США и страны Евросоюза по экспорту зерна	Россия с начала текущего сельскохозяйственного года (с 1 июля 2019 года) по 31 октября экспортировала 17,5 миллиона тонн зерновых культур. Об этом сообщает Минсельхоз РФ, ссылаясь на оперативную информацию ФТС России на 31 октября 2019 года . По данным Международного совета по зерну, которые приводит министерство, цена на российскую пшеницу четвертого класса (12,5% протеина, FOB Новороссийск) по состоянию на 31 октября составила 210 долларов за тонну, увеличившись за неделю на 1 доллар (на 0,5%). Экспорт зерна из России в 2018—2019 сельскохозяйственном году (с 1 июля 2018 года по 30 июня 2019 года) составил 43,3 миллиона тонн, в том числе 35,2 миллиона тонн пшеницы. Таким образом, Россия по итогам минувшего сельхозгода сохранила первое место в мире по поставкам пшеницы, обогнав как США, так и страны Евросоюза. Следует отметить, что, согласно ожиданиям Минсельхоза РФ, в 2019—2020 сельскохозяйственном году (с 1 июля 2019 года по 30 июня 2020 года) экспорт зерна из России составит 45 миллионов тонн, включая 36 миллионов тонн пшеницы. 	economy	Экономика
https://nevnov.ru/region/Arkhangelsk/740174-v-arkhangelske-proveryayut-na-dostovernost-smetu-kapitalnogo-remonta-shkoly-9	В Архангельске проверяют на достоверность смету капитального ремонта школы № 9	В столице Поморья дорабатывается проектно-сметная документация на капитальный ремонт школы № 9. Итоги экспертизы будут известны в конце декабря. В Архангельске ведется работа по капитальному ремонту школы № 9. Сейчас идет утверждение и согласование документации, сообщает сайт мэрии Архангельска. На днях состоялась встреча представителей мэрии Архангельска руководства школы и родительского актива по вопросу капитального ремонта школы № 9 на проспекте Ломоносова, 80. Сейчас процесс находится на этапе согласования проектно-сметной документации. Пакет документов был готов в конце сентября. Потребовалось некоторое время на устранение недочетов, которые выявил технический заказчик. Сейчас проектно-сметная документация полностью готова и находится в ГАУ АО «Архангельский региональный центр по ценообразованию в строительстве» для проверки достоверности на проведение капитального ремонта. Следующая встреча с родителями пройдет в конце декабря, когда уже будут известны итоги экспертизы проектной документации. Напомним, что инженерно-техническое исследование фундамента и стен здания проводилось зимой этого года. Специалисты решили, что есть возможность провести капитальный ремонт. Был проведен аукцион, с подрядчиком ИП Богдановым заключили контракт. #экспертиза#проект#архангельск#смета#капитальный ремонт в школе#школа № 9 	society	Подозрение на коррупцию - "Общество"
https://life.ru/t/%D0%B0%D1%80%D1%82%D0%B8%D1%81%D1%82%D1%8B/1255224/volochkova_pokhudiela_do_pughaiushchiegho_sostoianiia_i_diietologhi_boiatsia_chto_budiet_dalshie	Недавно Анастасия поделилась снимком, на котором предстала в новом дерзком образе с короткой стрижкой. Но на этом перемены во внешности не закончились. Волочкова рассказала, что практически ничего не ест и проводит по восемь часов в день у станка, репетируя новое шоу. Результат танцовщица демонстрирует на снимках, где выглядит худой и измождённой. Такой образ жизни экс-балерины у многих вызвал беспокойство. По словам диетолога Нади Шарк, организм, недополучающий необходимые питательные вещества, может выйти из строя, пишет КП. Но, возможно, Волочкова дополнительно использует витамины, минералы, БАДы. Не остались в стороне и подписчики Анастасии в ``Инстаграме``. Напуганные фанаты предположили, что у танцовщицы вскоре могут возникнуть серьёзные проблемы со здоровьем, и даже заподозрили в начинающейся анорексии. Бывшая девушка Тимати выложила фото в бикини, напугав своей фигурой даже медиков 	Волочкова похудела до пугающего состояния, и диетологи боятся, что будет дальше	other	Личная жизнь знаменитостей - "Прочее"
https://www.znak.com/2019-11-17/noveyshiy_voennyy_bespilotnik_ruhnul_v_ryazanskoy_oblasti	Новейший военный беспилотник рухнул в Рязанской области	В Рязанской области потерпел крушение беспилотный авиационный комплекс «Орион». Он рухнул вблизи многоквартирного жилого дома в поселке Листвянка.   «Экспериментальный образец упал при выполнении испытательного полета. По предварительной версии, произошел отказ техники. Причины выясняются. Это [беспилотный аппарат] „Орион“», — сказал ТАСС следователь по особо важным делам Московского межрайонного СУ СК на транспорте Сергей Бубенев. По его словам, проблемы у беспилотника начались еще до посадки. «Погода вряд ли могла повлиять, возможно, боковой ветер», — сказал он. Как сообщила глава Рязанского района Наталья Жуняева, беспилотник упал примерно в 70-ти метрах от многоквартирного жилого дома. Пострадавших нет. «Орион» — средневысотный беспилотный комплекс большой продолжительности полета. На форуме «Армия-2018» группа «Кронштадт» демонстрировала блок управления вооружением для беспилотника и прототип боеприпаса собственной разработки массой до 50 кг, который может оснащаться различными боевыми частями. На авиасалоне «МАКС-2019» генеральный конструктор группы «Кронштадт» Николай Долженков сказал, что беспилотник «Орион» находится в финальной стадии испытаний, Минобороны России получит один такой комплекс до конца года. 	society	Крушение летательного средства - "Общество"
https://newdaynews.ru/incidents/675570.html	В Иванове задержали банду телефонных мошенников	В Иванове задержали банду телефонных мошенников, которые действовали в разных регионах России. Злоумышленники представлялись сотрудниками банков и похищали деньги доверчивых граждан. Как сообщила официальный представитель МВД РФ Ирина Волк, в полицию поступило несколько заявлений о хищении денег, совершенных дистанционным путем. Во всех случаях схема преступления была одинакова: мошенники звонили клиентам банков и заявляли о попытке снятия денег со счета. Затем звонивший предлагал перевести средства на «безопасный» счет, граждане сами называли злоумышленникам все данные, которые позволяли списать деньги. «Таким образом, мнимые сотрудники банка получали доступ к электронным счетам граждан и похищали их сбережения. Причиненный ущерб варьировался от 9000 до 20 000 рублей», – отметила Волк, добавив, что преступники постоянного места дислокации не имели – пытаясь запутать следы, они переезжали с места на место и совершали звонки из разных регионов страны. В результате спецоперации силовики задержали девять подозреваемых – семь женщины и двух мужчин. По предварительной информации, задержанные могут быть причастны более чем к 50 эпизодам противоправной деятельности. Уголовное дело возбуждено по п. «г» ч. 3 ст. 158 УК РФ «кража, совершенная с банковского счета». При обысках у подозреваемых изъято около 20 мобильных телефонов, свыше 200 сим-карт, более десяти банковских карт. Одного фигуранта суд поместил под стражу, остальные дали подписку о невыезде и надлежащем поведении. Иваново, Служба информации РИА «Новый День» © 2019, РИА «Новый День» Написать автору или сообщить новостьПодписывайтесь на каналыЯндекс НовостиЯндекс ДзенYouTube	society	Криминал - "Общество"
https://nevnov.ru/region/Petrozavodsk/740500-vpervye-v-petrozavodsk-priedet-sankt-peterburgskii-teatr-muzykalnoi-komedii	Впервые в Петрозаводск приедет Санкт-Петербургский театр музыкальной комедии	В столицу Карелии приедут на гастроли артисты петербургского театра. На сцене Музыкального театра Карелии они исполнят свои самые лучшие номера. Санкт-Петербургский театр музыкальной комедии впервые приедет в Петрозаводск. Об этом сообщает издание «Karelia.news». Петербургский театр музыкальной комедии является одним из старейших в стране театров жанра опереттасанкт-петербургский . С 1938 года коллектив работает в красивейшем особняке на Итальянской улице. Одна из самых славных страниц в истории театра — работа в осажденном городе в течение всех девятисот дней Ленинградской блокады в годы ВОВ. Впервые в Петрозаводске с 6–8 декабря на сцене Музыкального театра выступят артисты Санкт-Петербургского театра музыкальной комедии. Они исполнят три оперетты и гала-концерт. Гостей ждет два спектакля – «Сильва» и «Граф Люксембург». Также петрозаводчане увидят поставленную петербургским театром впервые в России оперетту итальянских композиторов Карло Ломбардо и Вирджилио Ранцато «Чин Чи Ла, или Уроки любви». Гастроли завершатся гала-концертом звезд оперетты. Легкий и жизнерадостный жанр оперетты подарит жителям города минуты отдыха и забвения.   #карелия#петрозаводск#оперетта#санкт-петербургский театр музыкальной комедии 	entertainment	Культурное события
https://zik.ua/ru/news/2019/11/06/dozhdy_y_veter_ukrayntsev_predupredyly_ob_oslozhnenyy_pogodnih_uslovyy_1684679	Дожди и ветер: Украинцев предупредили об осложнении погодных условий	В среду, 6 ноября, в Украине ожидаются значительные дожди и сильный ветер. Об этом сообщает пресс-служба ГСЧС. «По прогнозу Укргидрометцентра, 6 ноября в Украине порывы ветра 15-20 м/с, на Закарпатье и Прикарпатье ночью и утром значительный дождь (И уровень опасности)», – говорится в сообщении. Также отмечается, что по Киеву и Киевской области 6 ноября порывы ветра 15-20 м/с (И уровень опасности). Напомним, в Украине 6-го ноября удержится теплая роскошная погода, температура в течение дня в большинстве областей +15+20 градусов, на юге до +22 градусов. 	other	Погода - "Прочее"
https://discover24.ru/2019/11/video-vitas-posvyatil-novyy-muzykalnyy-klip-shaurme/	Видео: Витас посвятил новый музыкальный клип шаурме	Витас, российский исполнитель, разместил на своей страничке в «Инстаграме» новый музыкальный клип, который решил посвятить одному из своих любимых уличных блюд – шаурме. Ролик, который был записан неподалеку от точки быстрого питания, не имеет ничего общего с высокобюджетными клипами, однако все же обладает неповторимым шармом и даже сюжетом. На опубликованных кадрах можно увидеть, как певец сначала с нетерпением наблюдает за готовкой блюда, а потом с огромным удовольствием съедает его. На заднем фоне при этом играет композиция «Лишь до утра», написанная Dan Balan. Правда, основная строчка немного изменена – в результате исполнитель произносит «лишь шаурма». Данную запись уже просмотрели более 13 000 раз. 	entertainment	Новость о выходе музыкального клипа - "Культура и развлечения"
https://sakhalinmedia.ru/news/878155/	Гороскоп на 17 ноября: Львы поглощены проблемами, а Овны стали жертвой навязчивой идеи	Даже если гороскопы — это всего лишь выдумка, то прок в них все равно есть. Вы, наверное, замечали, что в них нет негатива, как в тех же гаданиях. Ни один гороскоп не скажет вам, что будет пожар, смерть или измена. Конечно, в гороскопе могут написать, что у вас неблагоприятный день, но он всегда дает вам шанс обойти неприятности и препятствия. ИА SakhalinMedia предлагает астропрогноз на 16 ноября, составленный экспертами сервиса Astrocentr.ru. ОВЕН Вы можете стать жертвой навязчивой идеи. Пытаться с ней бороться бесполезно, так что расслабьтесь. Вряд ли она будет уж очень дурна. ТЕЛЕЦ Обратите внимание, правильно ли Вы распределяете свои симпатии. Для Вас характерна леность, нетребовательность к себе, нездоровый эгоизм и потакание прихотям. Затруднения в деловых и личных отношениях, особенно с молодыми женщинами. Любовные неприятности могут отвлекать от работы. Остерегайтесь экстравагантных покупок, излишних трат. Расчет на получение прибыли не оправдан. Неудачи в контактах с публикой, в общественной деятельности. Возможны финансовые или юридические затруднения БЛИЗНЕЦЫ День хорош для деловых начинаний. На вечер можно запланировать поход к парикмахеру. Скоротечный служебный роман может вызвать открытую неприязнь со стороны коллег и начальства. Постарайтесь избежать служебных связей, — Вы только выиграете. РАК Все вокруг Вас будут смеяться. Не нужно обижаться, они смеются не над Вами, а с Вами. У Вас появятся новые друзья. ЛЕВ Вы настолько будете поглощены собственными проблемами и делами, что можете не обратить внимание на проблемы, возникающие в семье. К тому же, Вы будете склонны слишком резко реагировать на просьбы и претензии со стороны домочадцев, расценивая любое их пожелание, как покушение на свою свободу. Ясное дело, что такое поведение гармонии и миру в семье способствовать не будет. Так что, если Вы не хотите перессориться со всеми членами семьи, то должны вести себя с ними более мягко, лояльно и снисходительно. ДЕВА Вы не найдете поддержки и покровительства, даже понимания. Рабочий день сопровождается ссорами и недовольством, различными затруднениями и препятствиями. Вы можете понести неожиданные потери. Следует избегать травм на производстве. Тем не менее, если Вам удастся найти конструктивное применение Вашему возросшему честолюбию, то можете добиться достойных результатов. ВЕСЫ День будет отмечен высокой активностью. Ваше чувство осторожности может помешать Вашей карьере. Отличное настроение и боевой настрой, полученные вместе с чашкой утреннего кофе, способствуют Вашей работоспособности. Вероятны конфликты с близкими, особенно со старшими родственниками. СКОРПИОН Вы, возможно, гораздо больше зависите от других, чем думаете. Придется признать этот несколько удручающий факт и вести себя соответственно. СТРЕЛЕЦ Вам хочется быть дома, Вы себя чувствуете комфортно среди близких, у домашнего очага. Появляется стремление иметь собственность и ею распоряжаться по своему усмотрению, быть главой семьи. Это может приводить к приступам домашней тирании и недоразумениям с родителями. Возможно, что домашние дела угнетают Дух, возникает много дел по дому, на это уходит много энергии. КОЗЕРОГ Ваша задача — быть в курсе событий, тогда Вам не придется жалеть об упущенных возможностях. Не уходите далеко от телефона и почаще проверяйте почтовый ящик. ВОДОЛЕЙ Обаяние и неотразимость в общении, поездках, контактах. Вы вежливы, предупредительны и тактичны, у Вас со всеми гармоничные отношения. Может произойти романтическое знакомство в поездке или по телефону. Вы склонны писать сегодня сентиментальные стихи и любовные письма. Возможны также проблемы в обучении из-за лени, неудовлетворенность и дискомфорт в отношениях с соучениками, родственниками, соседями. РЫБЫ Лучший фон для деловых поездок и переговоров. Исключите сегодня из своего меню мясо, замените его овощами. Подходящий момент для выяснения отношений с любимым человеком. Будьте осторожны — не повредите бытовую технику. 	not_news	Гороскопы - не новости
