INPUT:first_title	INPUT:second_title	INPUT:first_url	INPUT:second_url	INPUT:first_text	INPUT:second_text	GOLDEN:quality	HINT:text
Ученые связали потребление сладкого с воспалительными процессами	Учёные рассказали об опасности сахара для кишечника	https://newdaynews.ru/health/676578.html	https://sib.fm/news/2019/11/14/uchenye-rasskazali-ob-opasnosti-sahara-dlya-kishechnika-?utm_source=feedburner&utm_medium=feed&utm_campaign=Feed%3A+sibfm%2Fall+%28%D0%A1%D0%B8%D0%B1.%D1%84%D0%BC+%E2%80%A2+%D0%92%D1%81%D1%91+%D1%81%D1%80%D0%B0%D0%B7%D1%83%29&hl=en	Ученые обнаружили еще одну опасность для здоровья, вызванную потреблением сахара. Они выяснили, что даже кратковременное увеличение потребления сахара может повысить риск возникновения воспалительных заболеваний кишечника и оказать существенное влияние на здоровье. Неприятные для сладкоежек выводы сделали ученые из Университета Альберты (Канада). В ходе экспериментов они кормили одну группу мышей обычной едой, а 50% рациона другой группы составляла сахароза. Затем с помощью декстрана сульфата натрия ученые вызвали у лабораторных животных колит (воспаление толстой кишки). Дальнейшие наблюдения показали, что мыши, питавшиеся в основном сахаром, имели большее повреждение кишечной ткани и дефектный иммунный ответ. Полученные результаты указывают, что даже небольшие изменения в рационе пациентов могут вызвать обострение симптомов, отметила диетолог, профессор Карен Мэдсен, специализирующаяся на воспалительных заболеваниях кишечника. «Мы хотели узнать, сколько времени потребуется, прежде чем изменение рациона питания повлияет на здоровье. В случае с сахаром и колитом это заняло всего два дня, что нас очень удивило. Мы не думали, что это произойдет так быстро», – рассказала профессор. Выяснилось, что все дело в кишечных бактериях и воздействии пищи на них. Продукты, богатые клетчаткой, служат топливом для «хороших» бактерий, которые живут в кишечнике и производят короткоцепочечные жирные кислоты, они важны для эффективного иммунного ответа. Употребление в пищу продуктов с высоким содержанием сахара и снижение потребления клетчатки приводит к появлению «вредных» микробов, таких как кишечная палочка, которые связаны с воспалением и дефектным иммунным ответом. «Исследование показало, что проницаемость кишечника у мышей на диете с высоким содержанием сахара довольно резко возросла, это означает, что бактериальные продукты могут свободно перемещаться из кишечника, где они обычно находятся, в другие части организма», – пояснила Карен Мэдсен. По ее словам, это повышает вероятность развития в том числе нейродегенеративных заболеваний, таких как болезнь Альцгеймера и Паркинсона. Оттава, Иван Гридин © 2019, РИА «Новый День» Написать автору или сообщить новостьПодписывайтесь на каналыЯндекс НовостиЯндекс ДзенYouTube	Даже краткосрочное увеличение потребления сахара повышает риск воспаления кишечника, к такому выводу пришли канадские учёные.  Канадские учёные пришли к выводу, что даже самое краткосрочное увеличение потребления сахара может негативно сказаться на здоровье в целом и на повышении риска воспаления кишечника в частности. Исследование опубликовано на сайте канадского Университета Альберты.  Учёных поразил тот факт, что воспаление оболочки прямой кишки (колит) может начаться уже через два дня увеличения потребления сахара.  Влияние сахара учёные изучали на лабораторных мышах. Им давали много сладкого и исключили из рациона клетчатку. В результате у мышей появился дефектный иммунный ответ и воспаления кишечника.  Исследователям удалось смягчить результат эксперимента, добавив в рацион грызунов жирные кислоты.  Напомним, 1 ноября стало известно, что сибирские учёные создали вирус для лечения депрессии.  Татьяна Картавых	OK	Здесь освещен один сюжет
Поддержка населения: Всемирный банк выделит Украине 150 млн	Всемирный банк выделит Украине 150 млн долл. для поддержки населения	https://telegraf.com.ua/biznes/ekonomika/5458220-podderzhka-naseleniya-vsemirnyiy-bank-vyidelit-ukraine-150-mln.html	https://news.finance.ua/ru/news/-/470310/vsemirnyj-bank-vydelit-ukraine-150-mln-doll-dlya-podderzhki-naseleniya	"Сегодня состоялась церемония подписания кредитного соглашения между Украиной и Всемирным банком о получении 150 млн долларов для поддержки уязвимых слоев населения в период эпидемии коронавируса. Об этом сообщает Министерство социальной политики Украины. ""5 мая 2020 года состоялась церемония подписания кредитного соглашения между Украиной и Всемирным банком для получения дополнительного финансирования в размере 150 миллионов долларов США в рамках проекта ""Модернизация системы социальной поддержки населения Украины"" для расширения и совершенствования социальной помощи семьям с низким уровнем дохода"" , - говорится в сообщении. Отмечается, что благодаря подписанному кредитному соглашению Украина получит, в частности, 50 миллионов долларов для поддержки уязвимых слоев населения в период эпидемии COVID-19 и 100 миллионов долларов для улучшения уровня социальной защиты наиболее уязвимых категорий населения. ""50 миллионов долларов для усиления социальной поддержки населения во время мероприятий, направленных на преодоление пандемии COVID-19, которые Украина может получить уже в мае этого года, будут направлены на поддержку наиболее незащищенных категорий населения"", - говорится в сообщении. Как сообщалось, совет директоров Всемирного банка 30 апреля утвердил дополнительное финансирование в размере 150 миллионов долларов США в рамках проекта ""Модернизация системы социальной поддержки населения Украины"" с целью расширения и совершенствования социальной помощи семьям с низким уровнем дохода. "	5 мая состоялась церемония подписания кредитного соглашения между Украиной и Всемирным банком о получении 150 млн долларов для поддержки уязвимых слоев населения в период эпидемии коронавируса. Об этом сообщает пресс-служба Министерства социальной политики Украины. “5 мая 2020 года состоялась церемония подписания кредитного соглашения между Украиной и Всемирным банком для получения дополнительного финансирования в размере 150 миллионов долларов США в рамках проекта “Модернизация системы социальной поддержки населения Украины” для расширения и совершенствования социальной помощи семьям с низким уровнем дохода”, – говорится в сообщении. Отмечается, что благодаря подписанному кредитному соглашению Украина получит, в частности, 50 миллионов долларов для поддержки уязвимых слоев населения в период эпидемии COVID-19 и 100 миллионов долларов для улучшения уровня социальной защиты наиболее уязвимых категорий населения. “50 миллионов долларов для усиления социальной поддержки населения во время мероприятий, направленных на преодоление пандемии COVID-19, которые Украина может получить уже в мае этого года, будут направлены на поддержку наиболее незащищенных категорий населения”, – говорится в сообщении.	OK	Один сюжет
«Очень сексапильная Барби»: полуголая Деми Роуз подразнила мужчин	Деми Роуз в образе сексапильной Барби подразнила мужчин	https://www.cosmo.ru/stars/news/01-11-2019/ochen-seksapilnaya-barbi-polugolaya-demi-rouz-podraznila-muzhchin/	https://glavcom.ua/scotch/showbiz/demi-rouz-v-obraze-seksapilnoy-barbi-podraznila-muzhchin-637037.html	24-летняя топ-модель примерила пикантный латексный костюм. Деми Роуз (Demi Rose) восхитила поклонников своими пышными формами. Популярная девушка выбрала весьма откровенный образ для вечеринки в честь Хэллоуина. Деми перевоплотилась в сексуальную версию куклы Барби. Модель надела розовое лаковое боди. Обнаженные плечи и глубокий вырез в форме сердца на груди приоткрыл фанатам прелести звезды. Облегающий наряд подчеркнул все достоинства фигуры модели, которая гордится своими нестандартными формами а-ля песочные часы. Деми показала большую грудь, тонкую талию, аппетитную попку и пышные бедра. Девушке нанесли красивый и яркий make-up, сделав ее лицо по‑настоящему кукольным. Еще большее сходство придал парик с длинными локонами и челкой цвета платиновый блонд. Роуз привела в восторг свою многомиллионную армию поклонников. Девушку завалили лайками и комментариями. «Живая кукла», «Это очень сексапильная Барби», «Ты по-настоящему прекрасна», «Это лучший костюм для Хэллоуина, который я видел», — написали фолловеры модели. Деми встречалась с бывшим бойфрендом Кайли Дженнер, рэпером Tyga. После этого у нее был роман с диджеем Крисом Мартинесом. На прошлой неделе стало известно об их разрыве. «К сожалению, Деми и Крис расстались. Однако они остались друзьями, и будут поддерживать друг друга на протяжении всей своей жизни», — заявил представитель Роуз. Девушка призналась, что склонна в полноте, поэтому ей приходится держать себя в ежовых рукавицах. Она ведет здоровый образ жизни, старается соблюдать распорядок дня и правильно питаться даже в путешествиях и при загруженности работой. «Все говорят, что я самый здоровый человек, которого они знают. Самое жирное, что я когда-либо ем, — это орехи и арахисовое масло. Просто я очень быстро набираю вес. Любая вредная вещь сразу сказывается на моем теле. Это значит, что никакого праздничного торта в моей жизни нет», — цитирует Daily Mail модель. Ранее девушка позировала в чувственном образе на фоне пустыни. Деми показала свои знаменитые изгибы в крошечном золотом купальнике. Роуз обнажилась для эротической фотосессии в ванне. Интересно...Хочу знать все, что происходит в жизни звезд. ОК Я соглашаюсь с правилами сайта Спасибо. Мы отправили на ваш email письмо с подтверждением.	24-летняя Деми Роуз восхитила поклонников своими пышными формами. Популярная девушка выбрала весьма откровенный образ для вечеринки в честь Хэллоуина. Деми перевоплотилась в сексуальную версию куклы Барби. Модель надела розовое лаковое боди. Обнаженные плечи и глубокий вырез в форме сердца на груди приоткрыл фанатам прелести звезды. Облегающий наряд подчеркнул все достоинства фигуры модели, которая гордится большой грудью, тонкой талией, аппетитную попкой и пышные бедра. Девушку завалили лайками и комментариями. «Живая кукла», «Это очень сексапильная Барби», «Ты по-настоящему прекрасна», «Это лучший костюм для Хэллоуина, который я видел», – написали фолловеры модели.	OK	Здесь освещен один сюжет
ЦИК Казахстана снял депутатские полномочия с дочери экс-президента страны	Новым председателем сената парламента Казахстана стал Маулен Ашимбаев	https://susanin.news/world/power/20200504-273202/	https://theins.ru/news/217553	Нур-Султан. Казахстан. Центризбирком Казахстана снял полномочия с депутата сената Дариги Назарбаевой, дочери первого президента Казахстана Нурсултана Назарбаева. Об этом сообщает «Газета.ru» со ссылкой на ТАСС. «4 мая 2020 года состоялось заседание Центральной избирательной комиссии Республики Казахстан, на котором было принято постановление «О прекращении полномочий депутата Сената парламента Республики Казахстан Назарбаевой Д. Н.», — говорится в сообщении пресс-службы ведомства. Отметим, что Дариги Назарбаева была назначена депутатом Сената в 2016 году. Ранее президент Казахстана Касым-Жомарт Токаев сместил ее с должности спикера сената страны. Старшая дочь экс-президента Казахстана занимала этот пост с 2019 года. 	Новым председателем сената парламента Казахстана стал Маулен Ашимбаев. Об этом написал на своей странице в Instargam пресс-секретарь президента страны Берик Курмангали. По информации zakon.kz, депутаты сената единогласно проголосовали за его кандидатуру. 2 мая президент Казахстана Касым-Жомарт Токаев прекратил полномочия спикера сената Дариги Назарбаевой — дочери Нурсултана Назарбаева. Ранее The Insider опубликовал мнение экс-премьер страны Акежана Кажегельдина о том, почему эту отставку можно считать одним из важнейших событий нынешнего казахстанского «транзита власти»: «Амбиции Дариги переходили все границы» — экс-премьер Казахстана об отставке дочери Назарбаева. С декабря 2019 года Маулен Ашимбаев занимал должность первого замглавы аппарата президента страны. Затем президент назначил его депутатом сената.	BAD	Разные сюжеты, одна из новостей про новое назначение
Появилось видео заложения капсулы с землей с Пискаревского кладбища в Иерусалиме	В Израиле заложат памятник защитникам и жителям блокадного Ленинграда	https://nevnov.ru/742569-poyavilos-video-zalozheniya-kapsuly-s-zemlei-s-piskarevskogo-kladbisha-v-ierusalime	https://nevnov.ru/741911-v-izraile-zalozhat-pamyatnik-zashitnikam-i-zhitelyam-blokadnogo-leningrada	В Семи городах Израиля проходят Дни Санкт-Петербурга. Кульминацией стала церемония закладки первого камня в основание памятника героическим защитникам и жителям блокадного Ленинграда «Свеча памяти». В израильском городе Иерусалиме во время Дней Санкт-Петербурга прошла церемония закладки первого камня в основание памятника героическим защитникам и жителям блокадного Ленинграда «Свеча памяти». Капсула содержит землю с Пискаревского мемориала. Об этом сообщает «Петербургский дневник». Напомним, что торжественная церемония ключевым событием Дней Санкт-Петербурга в Израиле, которые проходят с 11 по 15 ноября. Памятник разместили в самом центре Иерусалима в парке Сакер. Всем участникам церемонии вручили памятный знак, разработанный совместно с Гознаком, посвященный закладке первого камня в основание памятника и оформленный с блокадной лентой. Вице-губернатор Владимир Княгинин обратил внимание, что тема блокады требует особого внимания и напомнил, что на Пискаревском мемориальном кладбище погребены остатки 40 тысяч представителей еврейского народа. По данным Комитета по внешним связям Петербурга, настоящий момент в Израиле проживает 1,3 тысячи блокадников и почти семь тысяч ветеранов Великой Отечественной войны. #петербург#израиль#пискаревское кладбище	В Семи городах Израиля пройдут Дни Санкт-Петербурга. Кульминацией станет церемония закладки первого камня в основание памятника героическим защитникам и жителям блокадного Ленинграда «Свеча памяти». Она состоится в Иерусалиме. Семь городов Израиля примут у себя мероприятия Дней Санкт-Петербурга, которые откроются уже в понедельник. Кульминацией программы станет церемония закладки в Иерусалиме первого камня в основание памятника героическим защитникам и жителям блокадного Ленинграда, сообщает РИА Новости. Дни Санкт-Петербурга завершатся 15 ноября. Церемония «Свеча памяти», на которой заложат первый камень памятника героическим защитникам и жителям блокадного Ленинграда, состоится 12 ноября в парке «Сакер». На мероприятии ожидают посла РФ в Израиле Анатолия Викторова, мэра Иерусалима Моше Лион, спонсоров установки памятника, председателя Союза ветеранов Второй мировой войны в Израиле Авраама Гринзайд и многих других. Памятник «Свеча памяти» планируют открыть уже в январе 2020 года при участии руководства Израиля и президента Российской Федерации Владимира Путина.	BAD	Здесь освещены разные сюжеты
Виновника смертельного ДТП в Беляевском районе взяли под стражу: он сел за руль пьяным	Под Винницей семья попала в смертельное ДТП: фото и видео с места трагедии	http://timer-odessa.net/news/vinovnika_smertelnogo_dtp_v_belyaevskom_rayone_vzyal_pod_straju_on_sel_za_rul_pyanim_261.html	https://apostrophe.ua/news/society/accidents/2019-11-16/pod-vinnitsey-semya-popala-v-smertelnoe-dtp-foto-i-video-s-mesta-tragedii/180294	Киевский районный суд Одессы отправил под стражу водителя автомобиля Renault Logan, по вине которого погибли два и пострадали три человека, включая беременную женщину. Авария произошла 1 ноября в районе села Яськи Беляевского района Одесской области. 31-летний водитель легкового автомобиля Renault не справился с управлением, съехал на обочину и столкнулся с деревом, причём удар был такой силы, что машина загорелась. В результате ДТП погибли двое пассажиров, ещё три человека, в том числе беременная женщина, получили ранения. Из всех людей, находившихся в авто, не пострадал лишь водитель. Впоследствии медицинская экспертиза установила, что водитель сел за руль пьяным: в его крови обнаружили 1,55 промилле алкоголя, что соответствует средней степени опьянения.Рассмотрев ходатайство гособвинения о помещении подозреваемого под стражу без права выхода под залог, суд удовлетворил его, отправив водителя в СИЗО на 60 дней.	"В пятницу, 15 ноября, под Винницей произошло смертельное ДТП с участием двух автомобилей, в одном из которых ехала семья с ребенком. В результате аварии женщина погибла и трое человек, в том числе 4-летний ребенок получили травмы. Об этом сообщает пресс-служба полиции Винницкой области. По предварительной информации, водитель Mercedes-Benz, не справился с управлением и столкнулся с Volkswagen Caddi. В результате пострадали водитель, 51-летняя пассажирка Volkswagen и четырехлетний ребенок. Они госпитализированы. 33-летняя пассажирка Volkswagen скончалась на месте ДТП. Виновник аварии сначала скрылся с места ЧП, но позже его удалось задержать. Если его вину докажут, ему грозит до восьми лет тюрьмы. Как сообщал ""Апостроф"", ранее под Винницей машину разорвало на части в смертельной автокатастрофе, в результате которой погибли два человека."	BAD	Здесь освещены разные сюжеты
Экс-сотрудник ФСБ из Петербурга получил срок в колонии за взятку в 20 миллионов рублей	Экс-главе волгоградского СК Михаилу Музраеву продлили арест до 10 июня	https://piter.tv/event/V_Peterburge_eks_sotrudnik_FSB_poluchil_srok_za_vzyatochnichestvo/	https://gorvesti.ru/accidents/eks-glave-volgogradskogo-sk-mikhailu-muzraevu-prodlili-arest-do-10-iyunya-86599.html?utm_source=sidenews	"Мужчина запросил огромную сумму за помощь в остановке проверок в некоторых организациях. Санкт-Петербургский гарнизонный военный суд приговорил экс-сотрудника ФСБ Кирилла Либена, обвиненного во взяточничестве, к двум годам лишения свободы. Как сообщили в объединенной пресс-службе судов города, мужчину немедленно взяли под стражу в зале суда. Суд установил, что в течение шести лет, с 2013 по 2019 годы, Либен служил на офицерских должностях в УФСБ по Петербургу и области. С ноября 2018 года сотрудники региональных УЭБ и МВД проводили проверку в АО"" Автопарк №6 Спецтранс"", а также в транспортных компаниях, вывозивших бытовые отходы. В январе представитель ""Автопарка"" по знакомству с Либеном попросил его узнать условия и обстоятельства проводимой проверки. Позднее осужденный заявил, что может повлиять на ход проверки, хотя в действительности ничего не мог сделать, и убедил председателя совета директоров транспортной организации передать ему 20 миллионов рублей за услугу. В июне того же года Либен встретился с представителем ""Автопарка"" в гостинице, где получил от него в ходе эксперимента половину сумму в муляже. Сразу после этого сотрудника ФСБ задержали правоохранители, к которым накануне обратился представитель организации. Ознакомившись с материалами уголовного дела, Либен заявил ходатайство об особом порядке разбирательства. В ходе заседания мужчину лишили воинского звания ""капитан запаса"". Ранее мы рассказывали, как в Петербурге на гендиректора Жилкомсервиса завели 50 уголовных дел. Фото: Piter.TV "	"Лефортовский суд Москвы в очередной раз продлил арест бывшему руководителю СУ СКР по Волгоградской области Михаилу Музраеву на месяц - до 10 июня. Так, 6 мая обвинитель выступил с заявлением о том, что основания, которые послужили для избрания меры пресечения в виде содержания под стражей, в силе, поэтому арест продлен. По данным адвоката Музраева, генерал вину не признает и готов сотрудничать со следствием. Напомним, Михаила Музраева задержали в июне 2019 года. Он стал фигурантом уголовного дела о поджоге дома губернатора Волгоградской области Андрея Бочарова и проходит по статье ""Терроризм""."	BAD	Разные сюжеты
На Дону коронавирусом заражен 121 медицинский работник	На Дону коронавирусом заразились 120 медработников	https://donday.ru/na-donu-koronavirusom-zarazheny-121-medicinskij-rabotnik.html	https://www.vesti.ru/doc.html?id=3262978	В Ростовской области коронавирус выявили у 121 медицинского работника. Об этом рассказали в ходе заседания регионального штаба по координации деятельности по предупреждению завоза и распространения COVID-19. По словам министра здравоохранения донского региона Татьяны Быковской, в муниципальных организациях здравоохранения было зафиксировано 103 заболевших, в федеральных — 17. Один случай выявили в частной стоматологической клинике. - Наибольшее количество инфицированных медицинских работников — в Ростове-на-Дону (24), - отметила Татьяна Юрьевна. - Случаи также зафиксированы в Кашарском, Веселовском, Волгодонском, Матвеево-Курганском районах, а также в Звереве, Зернограде и Волгодонске. За сутки в донском регионе выявили 81 заболевшего COVID-19. Всего в Ростовской области зарегистрировали 1 434 зараженных коронавирусом. 15 инфицированных находятся в тяжелом состоянии. С начала пандемии скончались 12 человек. 	"На Дону коронавирус выявлен у 121 медика. 103 случая зафиксировано в муниципальных клиниках, 17 — в федеральных медучреждениях и один — в частной стоматологической клинике. Об этом сообщает ГТРК ""Дон-ТР"" со ссылкой на министра здравоохранения региона Татьяну Быковскую.""Практически все инфицированные переносят заболевание бессимптомно. Большая часть случаев зарегистрирована в Ростове-на-Дону — 24 человека. Были ситуации также в Волгодонском, Матвеево-Курганском, Веселовском и Кашарском районах, а также в Зернограде, Звереве и Волгодонске. В муниципалитетах — 19 случаев среди врачей, а также 44 положительных диагноза подтверждено у средних медработников и 40 — у младших сотрудников. В настоящий момент все они проходят курс лечения, часть — в отделениях своих же больниц и оставшиеся находятся на амбулаторном лечении дома"", — говорит Татьяна Быковская.Руководитель донского Министерства здравоохранения отметила, что большая часть случаев не связана с нарушением санитарных норм, однако есть ряд прецедентов, когда медработники пренебрегали защитой, недооценивая угрозу. В том числе это сотрудники лабораторной и скорой помощи. Глава оперштаба Роспотребнадзора отметил, что в целом на Дону пока удается сдерживать резкое увеличение числа случаев COVID-19, но количество инфицированных все же продолжает расти. Эпидемическая ситуация в области по-прежнему напряженная."	OK	Один сюжет, цифры в тексте совпадают
Кудрин: На борьбу с бедностью уйдет 2,5 трлн рублей за три года	10 тысяч рублей на человека в год будет выделяться для успешной борьбы с бедностью в стране	https://kurer-sreda.ru/2019/11/12/477615-kudrin-na-borbu-s-bednostyu-ujdet-25-trln-rublej-za-tri-goda	https://kurer-sreda.ru/2019/11/12/477783-10-tysyach-rublej-na-cheloveka-v-god-budet-vydelyatsya-dlya-uspeshnoj-borby-s-bednostyu-v-strane	13:00  12.11.2019 Фото: кремлин.ру3  0 Только дотации на выравнивание бюджетов составят около 950 млрд рублей. но вкладывать в человеческий капитал глава Счетной палаты считает необходимым — всевозможными поддержками, льготами. Глава Счетной палаты РФ Алексей Кудрин в интервью ТАСС рассказал о том, с какими сложностями сталкиваются регионы при реализации нацпроектов, можно ли перераспределить бюджетные расходы для сокращения числа бедных, как можно сделать поддержку нуждающихся более адресной, а также о том, на какую социальную проблему обратит внимание Счетная палата в следующем году. — На Форуме стратегов вы в очередной раз указали на проблемы с реализацией нацпроектов. Основная масса работы по достижению этих показателей приходится на регионы. На дискуссии вы обратили внимание на высокий уровень бюрократии в субъектах, их несамостоятельность в принятии решений. Каким образом, по вашему мнению, можно решить проблему и готовы ли к этому регионы? — Я думаю, правильнее было бы пересмотреть сетку показателей для регионов и дать им дополнительные ресурсы, которые они могут использовать по своему усмотрению. Когда формировали целевые показатели нацпроектов для регионов, не всегда учитывали местную специфику. Например, а нужно ли в этой области еще столько жилья, кто сможет его купить? По результатам нашего промежуточного анализа мы видим, что некоторые регионы не смогут выполнить все обязательства по нацпроектам без дополнительной поддержки, а она пока не обещана. Например, каждый год регионы должны повышать долю дорог, которые соответствуют всем нормативным требованиям по безопасности, по качеству. Как мы видим, около 20 регионов на целевые показатели могут не выйти. И тут возникает управленческий вопрос: показатели нацпроектов — они плановые или ориентировочные? Если плановые, то, получается, их нужно добиться во что бы то ни стало. Если у губернатора не хватает ресурсов — надо собрать с других направлений, но выполнить. Если же мы их считаем, скорее, ориентирами, то их достижение не должно приводить к дисбалансам внутри региона, если ресурсов не хватает. Это тонкий вопрос. В правительстве считают, что если снять обязательность безусловного исполнения показателей, то регионы вовсе перестанут их исполнять.  В результате мы получили почти плановое управление. В соглашениях о трансфертах из федерального бюджета закреплено: не выполняешь показатели — не получишь деньги или даже получишь штрафы. Этот механизм и раньше применялся, но в таком масштабе получилось впервые. Официально софинансирование нацпроектов со стороны федерального бюджета должно быть примерно 96–98%. Правительство действительно сказало: нацпроекты будем финансировать мы, а регионы должны поучаствовать, но скорее символически На деле же за счет строительства сопутствующей инфраструктуры, обслуживания построенных объектов, оснащения и так далее фактическое софинансирование в некоторых регионах доходит почти до пропорции 50/50. То есть к субсидиям на нацпроекты региональные власти должны сами изыскать еще примерно столько же, чтобы действительно выполнить проекты. Какие-то регионы могут оказаться перед выбором: откуда снять деньги и перевести на нацпроекты? Перераспределение ограниченных средств и так происходит, даже без влияния нацпроектов, достаточно других обязательств. Например, в 2011 году в субъектах из всех их бюджетов тратилось 1,6% ВВП на инвестиции. Сегодня только 0,8% — ровно в два раза меньше. Я считаю, что было бы правильно изменить концепцию нацпроектов для регионов: ограничиться только самыми важными показателями, как вариант — комплексными, но дать регионам самим решать, как именно их достичь. Придется пересмотреть поддержку, которая выделяется субъектам. В бюджете на три года заложена общая сумма поддержки примерно 2,5 трлн рублей ежегодно, дотации на выравнивание бюджетов из них только около 950 млрд рублей. Есть способы дополнительно высвободить деньги в регионах. Если передать на федеральный уровень взносы регионов в ОМС за неработающих граждан без передачи регионам других обязательств, это высвободит в регионах порядка 660 млрд рублей в год. Регионы готовы к тому, чтобы работать более самостоятельно, но вот готов ли центр, это вопрос. — Некоторые руководители регионов считают, что нацпроекты — единственный документ стратегического планирования, который выполняется. Вы с этим согласны? — Наццели — это то, на что сейчас больше всего обращают внимание. Но в выстроенной системе управления они — не в фокусе. Их целевые показатели забюрокрачены. Национальные проекты исполняются через федеральные проекты, которые, в свою очередь, включены в госпрограммы. Госпрограммы — это еще более широкие проекты, где еще больше показателей, и показатели нацпроектов теряются среди них. Мне кажется, такая система управления размывает фокус на главном. Ключевой барьер нацпроектов — мы об этом говорим уже больше года — качество институтов госуправления, правоприменительная практика, работа правоохранителей и судов. Если не повысить качество госуправления, его негативные факторы будут мешать исполнению нацпроектов. И то, что необходимые для наццелей реформы институтов никак не начнут, тоже говорит, что фокус смещен. — По итогам проверки за 2018 год Счетная палата пришла к выводу, что меры властей по поддержке малого и среднего бизнеса не в полной мере эффективны. Сейчас уже конец 2019 года. По вашим данным, ситуация как-то изменилась? Пока, несмотря на увеличение поддержки, число малых и средних предприятий и число работающих на них не растет. В ходе мониторинга нацпроекта по поддержке МСП мы видим, что на 10 августа 2019 года на малых и средних предприятиях работает на 450 тыс. человек меньше, чем на июль 2018 года. Мы недавно провели проверку в нескольких регионах Дальнего Востока, где за последние годы объем поддержки МСП вырос в разы. К сожалению, количество малых и средних предприятий даже снизилось. У малого бизнеса недостаточно условий для продвижения. Может быть, недостаточно компетенций у тех, кто хочет создавать МСП. Часто это молодые ребята, они сталкиваются и с общими проблемами бизнеса: много бюрократических барьеров, административных барьеров, много неопределенности, все время меняется законодательствоЕсть проблемы и в схеме управления нацпроектом. Субсидии в рамках нацпроекта получают одни, а ответственность за достижение целей национального проекта несут другие. Так, 260,5 млрд рублей, или 62,9 % средств федерального бюджета, на реализацию нацпроекта в 2019–2024 годах получат Корпорация МСП, Банк МСП, кредитные организации и др. В нацпроекте они не отвечают за рост числа занятых в сфере МСП, рост доли МСП в ВВП и в несырьевом экспорте — это все целевые показатели. За их достижение отвечают высшие должностные лица регионов, но они не влияют на распределение ресурсов и деятельность тех, кто их получает. В следующем году мы завершим большую комплексную проверку по поддержке МСП, результаты некоторых проверок будут уже в декабре этого года. — Власти и эксперты неоднократно высказывали идеи о том, чтобы сделать социальную поддержку граждан адресной. Насколько, на ваш взгляд, это целесообразно и осуществимо? Может быть, какие-то выплаты стоит пересмотреть или инвентаризировать? — Вы самую острую тему подняли. У нас почти 20 млн человек за чертой бедности. В нашей модели государства жизнь многих стала очень примитивной или направленной на сохранение своего существования. Людям приходится все время биться за выживание. Я неоднократно говорил, что для такой страны, как наша, иметь столько бедных — позор. При нашем уровне ВВП на душу, при таких серьезных ресурсах мы не должны такого допускать. По расчетам ЦСР, чтобы сократить количество бедных хотя бы на 40%, нужно было тратить дополнительно 200 млрд рублей в год. Мы тратим на социальную поддержку, включая трансферт в Пенсионный фонд и всякого рода другие социальные виды поддержки от материнства и детства до инвалидов и других категорий граждан, почти 11% ВВП. В нынешних ценах это около 11 трлн по всей стране По прошлогодней оценке Всемирного банка у нас социальная помощь только в 20% случаев доходит именно до бедных. Конечно, нам нужно поддерживать заслуженных людей, помогать инвалидам, чернобыльцам, семьям с детьми. Но в целом у нас есть ресурс для маневра, чтобы за счет других расходов бюджета изыскать эти 200 млрд или даже больше и существенно сократить бедность. Это задача социальной адресной поддержки, адресованной именно бедным. Но надо честно указать и на непростой деликатный момент. Если мы перераспределяем ресурсы, чтобы адресно бороться с бедностью, значит, эти деньги не достанутся кому-то из тех, кто раньше получал по категориям. Не так и просто кому-то уменьшить поддержку, даже чтобы дать ее тому, кто больше нуждается. — Сегодня есть выплаты, которые когда-то были существенными, а сейчас составляют совсем не значительные суммы: порядка 100 рублей в месяц. Возможно, эти ресурсы можно было бы перераспределить? — Конечно, для тех, кто действительно нуждается, эти выплаты давно уже не помощь. Например, это касается пособий на детей, которые когда-то вводились в регионах. В некоторых регионах на семью в месяц они до сих пор составляют 200–300 рублей. Конечно, эти формы поддержки тоже надо пересматривать.  — Одна из острых проблем, на которые обращала внимание Счетная палата в последнее время, — это обеспечение жильем детей-сирот. Какие социальные проблемы, требующие оперативного решения, вы видите помимо этой? — Проблему обеспечения жильем детей-сирот Счетная палата поставила для себя как одну из приоритетных. Мы не только вскрываем проблему, но и стараемся ее решить вместе с правительством, Государственной думой, администрацией президента. До конца текущего года мы сможем выработать решение. Саму проблему, по нашей предварительной оценке, можно решить за два-три года. Конечно, не обойтись без дополнительных ресурсов. Мы надеемся, что нашими усилиями ко второму чтению бюджета появится поправка, дополняющая расходы на эти цели. Сегодня 175 тыс. детей-сирот старше 18 лет не имеют квартир. Некоторые ждут по десять лет и дольше. Субъекты тратят в год где-то 35 млрд рублей, а нужно примерно в два раза больше, чтобы хотя бы не росла очередь. Чтобы погасить долг, только на выдачу квартир потребовалось бы 200 млрд. Но такие 200 млрд даже в два-три года трудно выделить, не то что в год Потом, не везде в регионах идет активное строительство. Поэтому даже если мы дадим деньги, эту квартиру надо где-то выкупить, построить, повторяю, это иногда не так просто. Когда-то даже строили целые многоквартирные дома для детей-сирот. Но эта практика не оправдала себя, потому что получался особый дом, и не всегда там была благоприятная атмосфера. Не всегда надо решать проблему именно покупкой и передачей квартиры У нас большинство детей-сирот имеют родителей, лишенных родительских прав. И когда они попали в детские дома, у них уже были права на жилье — их надо восстановить и обеспечить. Также нужно посмотреть, обязательно ли передавать выделенное жилье в собственность. Квартиры потом продают, отдают в аренду, у сирот их забирают обманом. Нужно еще раз посмотреть всю цепочку и все правила обеспечения жильем детей. Премьер-министр поручил организовать совещание по выработке решения. И мы ожидаем это совещание буквально в течение месяца. — На какую следующую социальную проблему Счетная палата обратит внимание? — Мы будем изучать вопрос, что делает детей успешными и неуспешными в школе, что можно сделать, чтобы больше детей осваивали материалы и чтобы их индивидуальные возможности, способности, психологические особенности не мешали быть успешными и сдавать со всеми вместе экзамены. Вы знаете, во многих странах разработаны такие модели для детей, потому что общей меркой для успешных детей, более развитых, детей из состоятельных семей и других детей эти проблемы не решить. У нас таких программ индивидуализации в преподавании практически нет, только в специальных школах или школах, которые могут себе позволить больше специалистов, психологов. Например, обязательно нужно выявлять дислексию, аутизм, другие особенности. У нас этого нет. Ребенка учат, как положено учить всех, а он становится неуспевающим. Сейчас во многих странах в школах принято, что если у ребенка такие особенности есть, ему дают на контрольную, к примеру, на полчаса больше. Он ее все равно должен решить, но поскольку он просто медленнее это решает, то его особенности учитывают.  — Насколько мне известно, в некоторых странах, например, в Израиле, у таких детей есть наставник, или куратор, или социальный работник? — Абсолютно верно. Индивидуальное наставничество в школе — это важнейшая черта сегодня. Есть, к кому подойти, с кем посоветоваться, кто-то непрерывно смотрит за твоими успехами. Весь мир стал бороться за человека. Его судьба и его способности, которые, в конечном счете, работают на экономику, стали еще более дорогими.  Допустим, если мы продолжим пользоваться общими подходами, то по-прежнему 25% детей не будут обладать функциональной грамотностью, будут неуспешными. А впоследствии могут оказаться за чертой бедности. А если мы будем этим заниматься, то это будет уже не 25%, а, скажем, 13–15%. Но значительное количество детей мы сможем вовлечь в активную успешную жизнь. — Это потребует переобучения преподавательского состава, привлечения новых кадров… Конечно. Это большая перестройка работы в школах. На Западе этим занимаются, в том числе частные фонды. Есть целые объединения, люди вкладывают в эти фонды свои деньги, чтобы в их стране ко многим детям отнеслись более внимательно. Это можно делать и на государственном уровне. Для этого нужны ставки психологов, наставников, за эту работу надо доплачивать, обучать ей. А детям уделять больше времени, с ними заниматься. Понятно, что потребуется дополнительное финансирование. Мы как Счетная палата решили этому уделить внимание, изучить эту проблему у нас в стране, собрать широкую рабочую группу, как и в случае с сиротами, от директоров школ до высших чиновников — и выйти с совместными предложениями. Источник: ТАСС бедность ВВП социальная помощь Алексей Кудрин	17:04  12.11.2019 Фото: pixabay.com62  16 По словам главы Счетной палаты Алексея Кудрина, для тех, кто действительно нуждается в помощи, выплаты, например, на детей, давно уже не помощь. В России есть ресурс для того, чтобы перераспределить расходы бюджета и изыскать средства для сокращения бедности в стране. Глава Счетной палаты Алексей Кудрин заявил, что около 20 млн россиян живут за чертой бедности. Для успешной борьбы с бедностью в стране ежегодно необходимо выделять 200 млрд рублей. Из указанной суммы будет выделяться 10 тысяч рублей на человека в год. Об этом он сказал в интервью. По словам руководителя контрольно-счетного ведомства, сегодня в России есть ресурс для того, чтобы перераспределить расходы бюджета и изыскать средства для сокращения бедности в стране. «Мы тратим на социальную поддержку, включая трансферт в Пенсионный фонд и всякого рода другие социальные виды поддержки от материнства и детства до инвалидов и других категорий граждан, почти 11% ВВП. В нынешних ценах это около 11 трлн по всей стране», — сказал глава Счетной палаты. «Конечно, нам нужно поддерживать заслуженных людей, помогать инвалидам, чернобыльцам, семьям с детьми. Но в целом у нас есть ресурс для маневра, чтобы за счет других расходов бюджета изыскать эти 200 млрд или даже больше, и существенно сократить бедность. Это задача социальной адресной поддержки — адресованной именно бедным. Но надо честно указать и на непростой деликатный момент. Если мы перераспределяем ресурсы, чтобы адресно бороться с бедностью, значит, эти деньги не достанутся кому-то из тех, кто раньше получал по категориям. Не так и просто кому-то уменьшить поддержку, даже чтобы дать ее тому, кто больше нуждается», — отметил он. По словам Кудрина, для тех, кто действительно нуждается, выплаты, например, на детей, давно уже не помощь. В некоторых регионах на семью в месяц они до сих пор составляют 200-300 руб. «Конечно, эти формы поддержки тоже надо пересматривать», — сказал Кудрин. Источник: РГ бедность бюджет ВВП выплаты сокращение бедности Алексей Кудрин	OK	Здесь освещен один сюжет
"Хабенский станет первым гостем ""Мхатовских пятниц""-онлайн"	Мариинский театр отметит 180-летие Чайковского онлайн-операми	https://rg.ru/2020/05/05/habenskij-stanet-pervym-gostem-mhatovskih-piatnic-onlajn.html	http://www.rewizor.ru/theatre/news/mariinskiy-teatr-otmetit-180-letie-chaykovskogo-onlayn-operami/	"Яркий проект этого сезона Московского Художественного театра (МХТ) имени А. П. Чехова ""Мхатовские пятницы"" Вадима Верника переходит в онлайн режим. Первым гостем прямого эфира, который состоится 8 мая в 14.00 в официальном Instagram-канале театра, станет актер Константин Хабенский. Фото: Ирина Штольба/ РГ Перевести проект в онлайн-формат МХТ имени А. П. Чехова вынудил карантин, вызванный ограничительными мерами в связи с распространением коронавируса нового типа. Вообще ""Мхатовские пятницы"" были задуманы как неформальные встречи с актерами разных поколений Художественного театра, которые ведет журналист Вадим Верник. Героями вечеров становились народные артисты России Евгения Добровольская, Ирина Мирошниченко, Алексей Кравченко, Наталья Тенякова, Сергей Сосновский, а также молодые актеры театра, организовавшие свою музыкальную группу ""Жена в очках"". Записи всех ""Мхатовских пятниц"" можно посмотреть на YouTube-канале театра, уточнила пресс-атташе МХТ Наталья Витвицкая ТАСС. Вадим Верник признался, что он рад продолжить проект в режиме онлайн, но при этом надеется, что после завершения карантина ""Мхатовские пятницы"" вновь вернутся на сцену. До встречи с Константином Хабенским остается еще несколько дней, и театр объявил конкурс вопросов среди зрителей. Автор вопроса, который понравится Константину больше всего, получит от актера приз. Оставлять свои вопросы можно уже сейчас в комментариях в официальных соцсетях театра в Instagram, ВКонтакте, и Facebook. Справка ""РГ"" Константин Хабенский дебютировал на сцене Московского Художественного театра (МХТ) им. А. П. Чехова в 2002 году, исполнив роль Зилова в спектакле ""Утиная охота"". В 2003 года вошел в труппу театра, где и служит до сих пор. На его счету роли в спектаклях ""Белая гвардия"", ""Гамлет"", ""Трехгрошовая опера"", ""Контрабас"". Константин Хабенский исполнил около 60 различных ролей в фильмах и сериалах. В 2018 году впервые выступил в качестве режиссера, поставив фильм ""Собибор"", в котором также исполнил одну из главных ролей. Более 10 лет Хабенский занимается благотворительностью. В 2008 году он стал соучредителем ""Благотворительного фонда Константина Хабенского"", который помогает детям с онкологическими и другими тяжелыми заболеваниями головного мозга. "	"В сообществе Мариинского театра ""ВКонтакте"" сообщается, что 180-летие со дня рождения Петра Чайковского, которое будет отмечаться в мире 7 мая, артисты отметят показами двух опер композитора. 6 мая в 19.00 можно будет увидеть ""Иоланту"". Написанная на сюжет драмы Генриха Герца, она является историей слепой дочери короля Прованса, которая жила в незнании о своем недуге и ожидании настоящей любви. Опера, представленная в репертуаре театра постановкой Мариуша Трелиньского, открыла сезон в 2009 году. В главных партиях выступили Анна Нетребко (Иоланта), Сергей Алексашкин (Король Рене), Алексей Марков (Роберт), Сергей Скороходов (Граф Водемон) и Эдем Умеров (Эбн-Хакия). 7 мая в 19.00 можно будет посмотреть ""Мазепу"" с Владиславом Сулимским. Опера на основе пушкинской поэмы о планах коварного гетмана накануне Полтавской битвы — постановка Ильи Шлепянова — будет представлена в записи 2019 года. В главных ролях Владислав Сулимский (Мазепа), Станислав Трофимов (Кочубей), Екатерина Семенчук (Любовь), Мария Баянкина (Мария), Сергей Семишкур (Андрей), Григорий Карасев (Орлик) и Леонид Захожаев (Искра). Видео будут транслироваться на сайте mariinsky.tv  и в сообществе театра ""ВКонтакте"" в течение суток после публикации. Помимо этого, сообщается, что ко дню рождения Чайковского подготовлена вторая часть большого теста с фактами из его биографии. Проверить свои знания о композиторе можно на сайте Мариинского театра."	BAD	Разные сюжеты
Казань показала худший результат среди городов-миллионников по индексу самоизоляции	Казань оказалась на последнем месте по индексу самоизоляции в День Победы	https://realnoevremya.ru/news/173678-kazan-pokazala-hudshiy-rezultat-sredi-gorodov-millionnikov-po-indeksu-samoizolyacii	https://www.business-gazeta.ru/news/467979	По данным аналитики «Яндекса», по состоянию на 13 часов 4 мая Казань занимает первое место «антирейтинга» городов-миллионников России по уровню самоизоляции жителей. В столице Татарстана он пробил отметку в 2,2 балла — это означает, что на улицах «очень много людей». В «красной» зоне рядом с Казанью также находятся Челябинск (2,3 балла), Красноярск и Самара (по 2,4 балла). Лучше всего продолжают самоизолироваться жители Москвы (3,4 балла) и Новосибирска (2,2 балла). Как ранее сообщало «Реальное время», сегодня в Татарстане зафиксирован рекорд по числу выявленных случаев заражения коронавирусом — за последние сутки 86 человек. 	Казань оказалась на последнем месте среди городов-миллионников по индексу самоизоляции в День Победы. Об этом свидетельствуют данные «Яндекса». Так, у столицы Татарстана всего 2,6 балла, что говорит о том, что на улице очень много людей. Чуть лучше дела обстоят в Самаре (2,8 балла) и Челябинске (2,9). По 3 балла в индексе самоизоляции фиксируются в Санкт-Петербурге, Екатеринбурге и Перми, 3,1 балла — в Воронеже и Уфе, 3,2 — в Волгограде, 3,3 балла — в Нижнем Новгороде, Омске, 3,5 балла — в Ростове-на-Дону. Среди лидеров по данному показателю к вечеру 9 мая оказались Москва (3,6 балла), Новосибирск (3,7) и Красноярск (3,9). Напомним, компания «Яндекс» в конце марта начала оценивать, как жители российских городов соблюдают режим самоизоляции. Аналитики рассчитывают индекс с помощью обезличенных данных об использовании приложений. В организации указали, что с введением ограничительных мер уровень самоизоляции растет, но по-прежнему остается довольно низким. 	BAD	Разные дни, разные события
Перезапуск НАПК: Гончарук пытается представлять себя как политика государственного масштаба - политолог	Политолог: Трамп считает, что Украина – это проблема Европы	https://golos.ua/i/717546	https://golos.ua/i/717409	Заявление Гончарука о перезапуске НАПК – попытка представить себя как политика государственного масштаба, хотя несмотря на свою должность он не вписывается в концепцию Президента по политическим и экономическим аспектам. Такое мнение в комментарии корреспонденту ГолосUA сообщил политический обозреватель Руслан Бизяев. «Зеленский перезапустит антикоррупционные органы с нового года. Но будет ли в этом участвовать Гончарук – большой вопрос. Потому что пока – он никак не встраивается в концепцию Президента не по политическим, ни по экономическим параметрам», - отметил эксперт. По мнению Р. Бизяева, вряд ли в этом плане Гончарук будет полезен, поскольку сейчас он «пятое колесо в телеге». «Гончарук такими заявлениями пытается видеть себя политиком всеукраинского масштаба. Но пока что несмотря на его должность, он ей не соответствует, если говорить откровенно», - заключил политолог. Напомним, премьер-министр Алексей Гончарук заявил о необходимости перезапуска работы Национального агентства по вопросам предотвращения коррупции для успешной борьбы с коррупцией (НАПК). «Правительство делает все от него зависящее, чтобы перезагрузить работу НАПК. Мы будем максимально быстро принимать решения, выбирать наиболее честных, профессиональных, с хорошей репутацией людей. В этом духе мы выбрали комиссию, которая состоит именно из таких людей, способных принимать независимые решения», – сказал премьер. Ранее, Кабинет министров назначил временной исполняющей обязанности председателя НАПК экс-нардепа Наталию Новак.	Отсутствие желающих занять пост спецпредставителя Государственного департамента США по Украине является частью управленческой проблемой Госдепа, подходы которого во внешней политике отличаются от подходов Администрации США. Такое мнение в комментарии корреспонденту ГолосUA сообщил политический обозреватель Руслан Бизяев. «Этот вопрос является управленческой проблемой Госдепа, подходы которого отличаются от подходов Администрации Президента. Кроме того, кроме вопроса спецпредставителя, остается открытым вопрос назначения посла США», - считает эксперт. Р. Бизяев напомнил, что вне зависимости от того, какой был президент, Госдеп проводил относительно Украины свою собственную линию, которая сейчас расходится с видением Трампом роли Украины. «Трамп считает, что Украина – это проблема Европы. Поэтому нет и желающих работать по данному направлению», - уточнил политолог. Проблема с желающими на эту должность состоит также и в том, что спрашивать за работу будет Президент, а поручения для выполнения будет давать Госдеп. «Учитывая текущее положение дел, есть основания считать, что такая ситуация до Президентских выборов в США, безотносительно того, будет ли назначен новый спецпредставитель или нет. Проблема останется», - заключил Р.  Бизяев. Ранее сообщалось, что спецпредставителем Госдепа США по вопросам Украины вместо Курта Волкера может стать 72-летний Майкл Костив. По данным СМИ, сначала в Вашингтоне было принято решение о назначении Костива на должность посла США в Украине. Но после отставки Волкера кандидатуру Костива рассматривают в качестве нового спецпредставителя.	BAD	Здесь освещены разные сюжеты
Российская молодежь едет покорять Канаду	"""Торпедо"" объявило состав на выездные матчи"	https://allhockey.ru/article/show/368970-Rossijskaya_molodezh_edet_pokoryat_Kanadu	https://allhockey.ru/news/show/368659-Torpedo_obyavilo_sostav_na_vyezdnye_matchi	"Уже завтра стартует традиционная ноябрьская Суперсерия между сборной России Валерия Брагина и командами канадских молодежных лиг.Россияне отправились в Канаду еще в субботу. С собой тренерский штаб Брагина взял 24 игрока из наших клубов. Список этих ребят выглядит следующим образом.Вратари: Даниил Исаев (""Локомотив"", Ярославль), Амир Мифтахов (""Барс"", Казань), Глеб Носов (""Зауралье"", Курган).Защитники: Глеб Бабинцев (""Зауралье"", Курган), Данил Валитов (""Автомобилист"", Екатеринбург), Михаил Гордеев (""Сочи""), Никита Зоркин (""СКА-Нева"", СПб), Антон Малышев (""Буран"", Воронеж), Степан Островский (""Адмирал"", Владивосток), Даниил Пыленков (""Витязь"", Подольск), Сергей Телегин (""Югра"", Ханты-Мансийск).Нападающие: Родион Амиров (""Салават Юлаев"", Уфа), Максим Грошев (""Нефтехимик"", Нижнекамск), Иван Морозов, Василий Подколзин, Данил Савунов (все — ""СКА-Нева"", СПб), Лев Комиссаров, Никита Ртищев (оба — ЦСКА, Москва), Илья Круглов, Владислав Михайлов (оба — ""Динамо"", Москва), Павел Ротенберг (""Динамо"", СПб), Егор Степанов (""Челмет"", Челябинск), Максим Соркин (""Звезда"", Москва), Захар Шабловский (""Спартак"", Москва). Во вратарской линии на себя обращают внимание, прежде всего, Исаев и Мифтахов. Амир уже вызывался в сборную на прошлый МЧМ. Правда, тогда он остался в тени феерившего Петра Кочеткова и не сыграл ни одного матча. Сейчас же он является стабильным первым номером в ""Барсе"", выступающем в ВХЛ. Что касается Исаева, то он еще в прошлом сезоне дебютировал в основной команде ""Локомотива"". В текущем регулярном чемпионате КХЛ 19-летний вратарь принял участие в трех матчах ""железнодорожников"" с ""Адмиралом"", ""Барысом"" и СКА. Показательно то, что все они завершились победами ярославцев. Хорошо себя показывает и Глеб Носов, представляющий ""Зауралье"" из ВХЛ. На данный момент у него в активе есть четыре ""сухих"" матча из десяти сыгранных и 94,4% отраженных бросков. По этому показателю он идет на шестом месте среди всех голкиперов Высшей хоккейной лиги. В защите выделяется Даниил Пыленков. Парень в этом сезоне ворвался в основу ""Витязя"" и прочно занял в ней свое место. Как правило, он играет в первом звене, что для 19-летнего защитника является редкостью. Этим же может похвастаться и Степан Островский, который в этом сезоне провел 22 матча за ""Адмирал"" и отдал две результативные передачи. Но главные звезды этой команды сосредоточены в нападении. На 18-летнего Родиона Амирова возлагают большие надежды. Согласно прогнозу официального сайта НХЛ, форвард идет 21-м в топ-30 игроков драфта-2020. Василий Подколзин пока не смог закрепиться в первой команде СКА, больше времени проводя в ВХЛ. Правда, даже там его результативность, мягко говоря, не поражает. В 12 встречах он забросил две шайбы и отдал пять передач. Тем не менее, он может и должен становиться лидером сборной этого созыва. Стабильно в этом сезоне за основу ""Нефтехимика"" играет Максим Грошев, выступавший в этом году за российскую сборную на ЧМ среди игроков до восемнадцати лет. Часто в составе московского ""Динамо"" также можно увидеть Ивана Круглова и Влада Михайлова.Помимо вышеназванных ребят, к команде также присоединятся восемь игроков из Северной Америки. Это защитники Никита Охотюк и Егор Замула, а также, форварды Егор Афанасьев, Никита Александров, Дмитрий Завгородний, Егор Соколов, Александр Хованов и Руслан Исхаков. Последние двое достаточно неплохо проявляют себя в текущем сезоне. Исхаков идет по графику ""очко за матч"", играя за университет Коннектикута в NCAA. Хованов, Соколов и Завгородний ставят на уши лигу Квебека, входя в десятку ее лучших бомбардиров. По сути, Суперсерия это единственный шанс для этих парней показать себя перед Брагиным, который традиционно делает ставку на игроков из России. В целом, состав, учитывая то, что многие другие ребята поехали на Турнир четырех наций в Германию, выходит довольно интересным. В этой команде есть на кого посмотреть. Суперсерия продлится в течение десяти дней, за которые россияне сыграют шесть матчей с сборными Молодежной лиги Квебека, лиги Онтарио и Западной хоккейной лиги. Расписание матчей подопечных Валерия Брагина выглядит следующим образом:5 ноября, 3:00 (мск). Сборная QMJHL — Россия U206 ноября, 3:00. Россия U20 — сборная QMJHL8 ноября, 3:00. Сборная OHL — Россия U2012 ноября, 3:00. Россия U20 — сборная OHL14 ноября, 4:30. Сборная WHL — Россия U2015 ноября, 4:30. Россия U20 — сборная WHL."	"Нижегородские торпедовцы отправились на выездную серию по маршруту ""Хельсинки - Подольск"".В предстоящих матчах с ""Йокеритом"" (2 ноября) и ""Витязем"" (4 ноября) цвета нашей команды готовятся защищать следующие хоккеисты:Вратари: Андрей Тихомиров, Николай Мольков;Защитники: Артём Аляев, Чарлз Геноуэй, Денис Баранцев, Сергей Зборовский, Георгий Мишарин, Михаил Орлов, Максим Минеев;Нападающие: Дамир Жафяров, Михаил Смолин, Кирилл Ураков, Станислав Бочаров, Михаил Варнаков, Данил Веряев, Владислав Михальчук, Антон Шенфельд, Куинтон Хауден, Джордан Шрёдер, Даниил Ильин, Сергей Гончарук, Андрей Белевич, Тай Рэтти.   Подписывайтесь на канал AllHockey в Яндекс.Дзене Источник: Официальный сайт ""Торпедо"""	BAD	Здесь освещены разные сюжеты
Число погибших в автокатастрофе у села Белгородскео выросло до пяти	Трое взрослых и две девочки-подростка сгорели заживо в ДТП в ЕАО	https://www.dvnovosti.ru/eao/2019/11/07/106628/	https://news-r.ru/news/events/380897/	"Число погибших при столкновении двух автомобилей в Еврейской автономной области выросло до пяти человек. Об этом ТАСС сообщили в ГИБДД России. На федеральной трассе ""Амур"" между селами Белгородское и Смидович столкнулись два автомобиля Toyota Ipsum и Toyota Wish. По его словам, по предварительным данным, виновником ДТП стал водитель Toyota Ipsum, который выехал на полосу встречного движения. Удар был такой силы, что при столкновении загорелись обе иномарки. Ранее сообщалось, что в результате аварии погибли четыре человека, среди них две девочки 2002 и 2003 годов рождения. По факту аварии старшим следователем СЧ СУ УМВД России по ЕАО возбуждено уголовное дело по ч. 5 ст. 264 УК РФ (нарушение правил дорожного движения, повлекшее по неосторожности смерть двух или более лиц). Напомним, прокуратура Ленинского района потребовала возбудить уголовное дело по факту оставления в опасности жителя, пострадавшего в ДТП. Установлено, что в ночь на 5 июля 2019 года в селе Ленинском неизвестный водитель сбил пешехода, он получил тяжкие телесные повреждения. Шофер с места происшествия скрылся. Источник — ТАСС, прокуратура ЕАО Наш WhatsApp +7 (914) 544 55 32 Ты свидетель происшествия?Пришли фото в редакцию"	Трагедия произошла на трассе «Амур» днем во вторник Биробиджан, 7 ноября. Во вторник, 5 ноября, на трассе «Амур» в Еврейской автономной области произошло смертельное ДТП, унесшее жизни пяти человек, среди которых двое несовершеннолетних. На дороге между населенными пунктами Белгородское и Смидович столкнулись Toyota Ipsum и Toyota Wish. По предварительной версии, аварию спровоцировал водитель Toyota Ipsum, выскочивший на «встречку». От удара автомобили загорелись. Погибли 41-летний водитель и четыре пассажира из Toyota Ipsum, среди которых девочки 17 и 16 лет. В настоящее время в обстоятельствах аварии разбираются правоохранители. Известно, что одна из погибших девочек занималась танцами, постоянно ездила на соревнования, в том числе за границу. Подруги школьниц пишут слова скорби на страницах в социальных сетях Ранее «Регион online» сообщал о пострадавшей 11-летней девочке на детской площадке. Качели не выдержали и упали на ребенка в Биробиджане. Читайте нас в  News	OK	Здесь освещен один сюжет
Слуга народа обсуждает исключение нардепов - СМИ	Поляков заявил о нарушении закона при исключении из Слуги народа и посетовал на Рябошапку	https://korrespondent.net/ukraine/politics/4160708-sluha-naroda-obsuzhdaet-yskluichenye-nardepov-smy	https://newsone.ua/news/politics/poljakov-zajavil-o-narushenii-zakona-pri-iskljuchenii-iz-sluhi-naroda-i-posetoval-na-rjaboshapku.html	"Фракция Слуга народа на заседании в пятницу, 15 ноября, обсуждает исключение двух нардепов, сообщает РБК-Украина со ссылкой на источник. ""Сейчас проходит заседание фракции Слуга народа. Обсуждают исключение из фракции депутатов Анны Скороход и Антона Полякова"", - сообщил источник. Ранее Поляков сам заявил, что его хотят исключить из фракции. ""Ну что друзья, это очень интересно. Старшие групп фракции Слуга народа под копирку прислали во всех группах, кроме моей, одно и тоже сообщение. Цитирую: ""Завтра утром будут на фракции принимать решение по выходу из фракции Полякова. Есть много работы с его стороны против работы фракции и полное не поддержание позиции фракции..."", - написал он в своем Telegram-канале. Напомним, накануне в ходе заседания Верховной Рады нардеп Анна Скороход заявила, что ее мужа задержали из-за ее позиции против отмены моратория и запуска рынка земли. В ответ глава фракции Слуга народа Давид Арахамия заявил, что Скороход предлагала взятки народным депутатам и намерен инициировать ее исключение из фракции."	"Фракция ""Слуга народа"" нарушила процедуру, не собрав всех членов политсилы на голосование за исключение народных депутатов Анны Скороход и Антона Полякова. Об этом последний рассказал в кулуарах Верховной Рады 15 ноября. Трансляцию вел телеканал NEWSONE. ""Перед тем, как ставить на голосование вопрос моего исключения из фракции, нужно было поднять этот вопрос в партии, исключить меня оттуда, а затем уже из фракции. Это было бы правильно и по закону. Потом нужно было собрать 254 депутата, учесть мнение каждого и принимать решение, а не созывать только руководителей комитетов и их замов"", - отметил Поляков. Он уточнил, что аргументацией для исключения из фракции стало ведение Telegram-канала и высказывание собственного мнения по разным ситуациям. Поляков считает, что это просто политическая расправа. ""Им объясняют с юридической точки зрения, что они нарушают закон, дискредитируют фракцию и партию, но они не реагируют. Мы не исключили из фракции людей, которые реально в чем-то виноваты, а не как я. Например, у нас были кнопкодавы, но их не исключили"", - подчеркнул нардеп. С его слов, он не задумывался о переходе в другую фракцию. Пока что нардеп останется внефракционным. Своим приоритетом он назвал представление интересов народа, а не конкретной политсилы. Поляков также объяснил, почему надел футболку с надписью ""СнимиШапку"". ""У нас генеральный прокурор не только бездействует, но и решил нарушать своими действиями закон. Бездействует, в частности, не подписывая готовое представление на снятие неприкосновенности с депутата Приходько, которое у него лежит уже больше месяца на столе. Дальше закрываются и переводятся какие-то дела. Дело Стерненко ушло почему-то в СБУ, забываются дела Burisma. А тут вчера еще выясняется, что происходит повторное задержание мужа Анны Скороход с нарушением сроков. Я не знаю этого человека и не защищаю его, но я вижу, что генпрокурор нарушает закон. То есть это просто политическая расправа"", - возмутился он. Как сообщал NEWSONE ранее, фракция ""Слуга народа""  исключила из своего состава двоих депутатов."	BAD	Здесь освещены разные сюжеты
Подробности дела убитой Анастасии Щетининой: женщину избивали, за ее передвижениями следили	Стали известны подробности расследования убийства ухтинки Анастасии Щетининой	https://www.bnkomi.ru/data/news/102595/	https://komiinform.ru/news/188687	Ухтинка Анастасия Щетинина была убита еще в конце 2018 года. По версии следствия, это сделал бывший супруг женщины вместе со своей предполагаемой сообщницей. Резонансное дело передано в суд. Сейчас стали известны детали расследования убийства Анастасии Щетининой. Видео телеканала «Юрган» Убийству Анастасии Щетининой телеканал «Юрган» посвятил отдельный сюжет программы «Крик и криминал». Ухтинка исчезла 9 ноября 2018 года. Утром она отвела сына в школу, а затем отправилась домой за сменной обувью ребенка. Тревогу забили, когда женщина не пришла за мальчиком после окончания уроков и перестала отвечать на звонки, а ее квартира оказалась взломана. В тот же день было написано заявление в полицию.- Мы надеялись, что она придет. Мало ли, какая ситуация может быть, - отмечает подруга убитой Марина Коваль.Поисками занимались правоохранительные органы, волонтеры и горожане. Розыск, в том числе по геолокации телефона, ничего не принес. По камерам наблюдения и видеорегистраторам авто удалось выстроить маршрут женщины, что дало полиции серьезную зацепку в деле. В 8:17 Анастасия Щетинина вышла из дома с сыном, спустя какое-то время туда вошел мужчина с чемоданом в руках. В 8:40 к подъезду подъехал ВАЗ, в 9:05 мужчина с чемоданом — уже явно тяжелым — выходит, садится в авто и скрывается. За рулем была девушка. ВАЗ чуть дальше встретился с другой машиной — Opel. Ее водителю — тоже женщине — мужчина передал неизвестный предмет (позже станет известно, что это мобильный телефон жертвы).ВАЗ отправился в сторону Сосногорска, его водителя не могли найти, так как машина была зарегистрирована на другого. Полиции повезло: они нашли машину в одном из районов Ухты, и в этот момент из подъезда вышла разыскиваемая девушка. Ей оказалась 19-летняя Ольга Кузьминых. Девушка пояснила следствию, что подъехать к дому и помочь с перевозкой ее попросил бывший сосед Алексей Щетинин — экс-супруг пропавшей Анастасии. О содержании чемодана она узнала только в машине, хотя потом она созналась, что о планах Алексей рассказывал задолго.- Он сказал, что скоро будет суд насчет квартиры. Она жизнь ему испортила, и он ее задушил, - рассказывает Ольга Кузьминых.Ольга Кузьминых сотрудничала со следствием и даже показала место, где сбросили чемодан — мост через реку Ухта на участке дороги Сыктывкар – Ухта – Печора –Усинск – Нарьян-Мар. Останки потерпевшей были обнаружены лишь 4 мая 2019 года вниз по течению, на правом берегу реки Ижмы - в 27 километрах от деревни Аким под Сосногорском.Алексея Щетинина задержали, вину он отрицал. Второй предполагаемой сообщницей оказалась нынешняя сожительница мужчины Марина Козлова, именно она была за рулем Opel, считает следствие. Она утопила мобильник жертвы возле деревни Веселый Кут, чтобы запутать полицию. О своей причастности к убийству она «якобы ничего не знала».Как сообщается в сюжете телеканала, подтвердили вину Алексея Щетинина и договоренности между сообщниками аудиозаписи с телефона. Будущую жертву преступник назвал «тушкой, которая даже в еду не годится». Будущие супруги Щетинины познакомились в 2010 году. Спустя год Анастасия забеременела, и они поженились. Алексей просил ее руки «на коленях». После рождения сына супруг начал избивать женщину. После обращения в суд с требованием о разводе в 2012 году, начали звучать слова об убийстве.Воплотить свой план в жизнь преступник смог спустя несколько лет, до этого следил за будущей жертвой. По версии селедствия, утром в день убийства он поднялся в подъезд, дождался, пока Анастасия Щетинина не поднимется в квартиру. На шею он накинул женщине провод и задушил. После убийства он согнул тело, поместил в чемодан.Вину в инкриминируемых деяниях ухтинец и одна из его сообщниц, избавившаяся от телефона потерпевшей, не признали. Вторая сообщница заключила с заместителем прокурора Ухты досудебное соглашение о сотрудничестве. Уголовное дело в отношении нее было выделено в отдельное производство и в конце сентября 2019 года направлено в суд. Уголовное дело в отношении ухтинца и пособницы передано в Ухтинский городской суд для рассмотрения по существу. Расследование по делу осуществлено следственным отделом по Ухте СУ СКР по Коми.	"На телеканале ""Юрган"" раскрыли подробности страшного убийства ухтинки Анастасии Щетининой. Напомним, женщину задушили, а тело упаковали в чемодан и сбросили в реку. Уголовное дело в отношении главного фигуранта и пособницы передали в Ухтинский городской суд в октябре 2019 года.  Пропажа А.Щетининой взбудоражила Ухту примерно год назад. Утром женщина отвела в школу сына. Там выяснилось, что дома они забыли сменную обувь. Женщина обещала быстро сбегать за вещами и вернуться обратно. Но этого не произошло.  В обед, когда учеба в школе закончилась, учитель не смогла дозвониться до женщины - ее телефон был отключен. Мальчика домой забрала подруга А.Щетининой. В тот же вечер близкие написали заявление в полицию.  Как рассказала журналистам телеканала подруга Марина Коваль, дверь в квартиру А.Щетининой взломали. Там нашли шарф, внутри был беспорядок, а дверь была закрыта неправильно, не так как это обычно делала женщина.  ""Мы надеялись, что она придет, всякое может быть в жизни. Так прождали три дня"", - пояснила М.Коваль.  Зацепка появилась после того, как следователи просмотрели камеры видеонаблюдения возле дома женщины. На записи видно, как Анастасия вышла с сыном из дома. Через восемь минут к подъезду подошел мужчина с чемоданом, после чего зашел в дом.  В 8.40 к подъезду подъехала белый ВАЗ. Дождавшись, когда из подъезда выйдет мужчина, водитель резко подъезжает к нему и увозит. Перед этим с усилием в машину укладывается чемодан.  Изучив записи с других камер силовики поняли, что за рулем машины находилась девушка. При выезде из двора ВАЗ встречался со второй машиной, водителю ""Опеля"" мужчина передал какой-то предмет.  Следователи долгое время не могли установить водителя ВАЗа, так как машина была записана на другого человека. И только фортуна помогла. Машину нашли в одном из районов Ухты, в этот момент из подъезда вышла та самая девушка, которая увозила мужчину с чемоданом.  12 ноября 19-летняя Ольга Кузьминых в сопровождении адвоката была доставлена в следственный комитет.  ""Он сказал (супруг Щетининой - прим.ред), что скоро будет суд, раздел квартиры. Сказал, что она жизнь ему испортила, поэтому он ее задушил"", - рассказала следователям О.Кузьминых.  Девушка все рассказала правоохранителям, так как не смогла носить такой груз на душе, ей было страшно.  Как оказалось, о своих планах убийства бывшей жены Алексей Щетинин рассказывал задолго до совершения преступления, даже спрашивал, нет ли у О.Кузьминых знакомых киллеров.  Девушка показала следователям место, где чемодан с телом женщины был сброшен в реку, а также мусорные баки, куда она выбросила одежду жертвы.  Бывшего мужа задержали. Его сожительница  Марина Козлова обо всем знала. Она была за рулем ""Опеля"" и именно ее А.Щетинин попросил избавиться от сотового телефона.  С помощью современного криминалистического оборудования правоохранители смогли восстановить переговоры с телефона главного фигуранта. Эти аудиозаписи подтвердили не только договоренности между А.Щетининым и его бывшей соседкой О.Кузьминых. Следователи пришли к выводу, что мужчина заранее спланировал преступление, следил за Анастасией и ребенком, а сожительница была в курсе его дел.  - Я говорю, в гости пригласим, а там аккуратненько в чемодан.  - Ого! (смех). Она что, такая маленькая что ли?  - Да. Я ее сложу. Она будущая тушка.  - С чего ты взял? (смех).  - Такая... - А, я сначала не поняла.  - Такая, которая даже в еду не годится. Травануться можно от одного вида.  Алексей и Анастасия познакомились в 2010 году на работе. Он публично сделал ей предложение. Но после рождения ребенка отношения начали рушиться. Супруг ушел в компьютерные игры, начал избивать женщину. В мае 2012 года А.Щетинина подала на мужа в суд.  Мать убитой Зинаида Малкова рассказала, что в мужчине проснулась ненависть, так как его публично опозорили.  ""Он актер, на публику играет мачо, хорошего отца, - пояснила женщина. - Он уже тогда сказал, что когда ребенок вырастет, он ее убьет и спрячет тело так, что его никто не найдет"". Судебные тяжбы, взыскание алиментов, долги по ипотеке окончательно расстроили отношения супругов. Алесей решил убить жену из-за лютой ненависти. Вывезти тело должна была его новая сожительница. Но в целях конспирации привлек бывшую соседку.  Для бывшей жены он подготовил удавку из провода. Утром в квартире задушил женщину, цинично согнул ее тело, поместил в чемодан и сбросил в реку.  Улику смогли обнаружить только через полгода. На страшную находку случайно натолкнулся сотрудник ""СПАС-Коми"" Ефим Рочев.  Несмотря на это, главные фигуранты отказались давать показания. О.Кузьминых, напротив, подписала досудебное соглашение, поэтому ее уголовное дело по обвинению в пособничестве в убийстве рассматривается отдельно от основного. Ей гарантирована большая скидка по наказанию. Главным фигурантам грозит 15 лет лишения свободы."	OK	Здесь освещен один сюжет
"Репертуар закрывающегося ""Соловья"" перенесут в кинотеатры сети ""Каро"""	Кинотеатры «Каро» будут показывать фильмы из репертуара закрывающегося «Соловья»	https://www.interfax.ru/moscow/683729	https://www.kommersant.ru/doc/4155281	"Москва. 11 ноября. INTERFAX.RU - Программа киноцентра ""Соловей"" на Красной Пресне после его закрытия будет представлена в четырех кинотеатрах сети ""Каро"", рассказали газете ""Ведомости"" президент ""Каро"" Ольга Зинякова и исполнительный директор ""Соловья"" Юрий Соловей. По словам Зиняковой, по соглашению о сотрудничестве фильмы из репертуара ""Соловья"" будут показывать в рамках программы ""Соловей поет в Каро"", которая будет запущена в январе 2020 года. Главной площадкой станет кинотеатр ""Октябрь"" на Новом Арбате, где под сетку закрывающегося кино выделят два зала. В дальнейшем стороны допускают увеличение числа кинотеатров, которые будут задействованы в программе. Между тем Соловей уточнил, что киноцентр прекратит работу 2 декабря. Как позднее сообщили ""Интерфаксу"" в пресс-службе ""Каро"", программу ""Соловья"" также будут показывать в кинотеатрах КАРО Sky 17 Авиапарк, КАРО 7 Атриум и КАРО Vegas 22. Киноцентр ""Соловей"" - один из старейших в Москве, а по числу залов он является крупнейшим в Восточной Европе. Особенность репертуара ""Соловья"" в том, что в нем показывают фильмы, вышедшие в прокат несколько месяцев, а иногда и несколько лет назад. Закрытие киноцентра начало обсуждаться в конце прошлого года: тогда стало известно, что на месте старого здания планируется возвести многофункциональный жилой комплекс. Решение вызвало резонанс."	"Фильмы репертуарной сетки «Соловья» будут показываться в четырех кинотеатрах «Каро». Программу «Соловей поет в Каро» с сохранением ценовой политики намерены запустить в начале 2020 года, сообщили президент сети «Каро» Ольга Зинякова и исполнительный директор «Соловья» Юрий Соловей газете «Ведомости». Стороны не раскрывают условия соглашения, при которой сеть будет использовать бренд закрывающегося кинотеатра. Закрытие киноцентра «Соловей» запланировано на 2 декабря 2019 года. Репертуарную сетку «Соловья» планируют показывать в четырех кинотеатрах «Каро». Сеть занимает четвертое место по количеству залов. У нее 32 кинотеатра, в которых находится 250 кинозалов. Среди них — кинотеатр «Октябрь» на Новом Арбате. Он тоже входит в программу с участием репертуара «Соловья». Для нее будут задействованы два зала. Напомним, против закрытия киноцентра в Москве проходили митинги. Министр культуры Владимир Мединский просил мэрию не выдавать разрешение на снос. Подробнее о закрытии киноцентра читайте в материале “Ъ FM” «""Соловей"" оставляет зрителям сувениры»."	OK	Здесь освещен один сюжет
Посольство РФ прокомментировало присуждение Пулитцеровской премии за антироссийские статьи	«Большой риск»: посольство РФ оценило присуждение NYT Пулитцеровской премии за серию антироссийских репортажей	https://politexpert.net/195300-posolstvo-rf-prokommentirovalo-prisuzhdenie-pulitcerovskoi-premii-za-antirossiiskie-stati	https://tvzvezda.ru/news/vstrane_i_mire/content/202055717-Xxdwq.html	"Оргкомитет Пулитцеровской премии берет на себя большую ответственность, выделяя неоднократно опровергнутые антироссийские материалы. Об этом заявляет посольство РФ в США. Ранее американская газета New York Times получила премию в категории ""Международная журналистика"". Отмечается, что ""захватывающие материалы"" были отписаны с ""большим риском"". Диппредставительство на своей странице в Facebook подчеркивает, что оргкомитет Пулитцеровской премии берет на себя большую ответственность, выделяя подобным образом антироссийские материалы с утверждениями, которые неоднократно опровергались как официальными лицами, так и самой жизнью. Посольство заявляет, что рассматривает данную серию статей как ""прекрасный сборник неразбавленных русофобских измышлений"". Дипломаты отмечают – их можно изучать в качестве пособия по созданию ложных фактов. Представитель МИД РФ Мария Захарова неоднократно называла ложной информацию NYT. Так, 14 апреля она написала на своей странице в Facebook, что материал ""Долгая война Путина против американской науки"" является ""шедевральной дезой"". Также в ноябре она назвала подлогом утверждения NYT о том, что российская сторона якобы препятствовала эвакуации заболевшего военного атташе США из Москвы, а статью о расследовании авиаударов по сирийским больницам и якобы оказываемом Москвой давлением на него – фейком и недобросовестной работой газеты. "	Организационный комитет Пулитцеровской премии берет на себя большую ответственность, выделяя антироссийские материалы, которые многократно были опровергнуты не только официальными лицами, но и самой жизнью. Так в посольстве РФ в США прокомментировали награду, которую присудили The New York Times за публикацию серии антироссийских материалов. Также там отмечается, что материалы, опубликованные в американском издании, рассматриваются Москвой как «прекрасный сборник неразбавленных русофобских измышлений, которые можно изучать в качестве пособия по созданию ложных фактов». Ранее официальный представитель МИД России Мария Захарова назвала материалы The New York Times «шедевральной дезой». Пулитцеровская премия считается одной из наиболее престижных наград США в области журналистики и литературы.	OK	Один сюжет
СМИ: Россия может передать Украине задержанные в Керченском проливе корабли	СМИ рассказали о возможном возвращении Украине задержанных в Керченском проливе кораблей	https://tvzvezda.ru/news/vstrane_i_mire/content/20191116452-BeEqk.html	https://nation-news.ru/485593-smi-rasskazali-o-vozmozhnom-vozvrashenii-ukraine-zaderzhannykh-v-kerchenskom-prolive-korablei	Россия планирует отдать Украине корабли, которые были задержаны в ноябре 2018 года в Керченском проливе. Как сообщает «Коммерсант», процесс может завершиться до саммита в «нормандском формате», которые пройдет 9 декабря. Точную дату согласовывают представители заинтересованных ведомств России и Украины. Предварительно, передача состоится в море. Сначала корабли отбуксируют в заранее оговоренную точку, где их встретят украинские суда. Отмечается, что вооружение с кораблей будет снято в связи с тем, что оно является доказательством в уголовном деле. Напомним, в ноябре 2018 года украинские военные корабли - «Бердянск», «Никополь» и «Яны Капу» - пересекли границу России в Черном море. На требования пограничников они не реагировали. Тогда моряки ВМС Украины были задержаны.	"Россия готова отдать Украине корабли, задержанные осенью прошлого года из-за провокаций ВМСУ в Керченском проливе, до предстоящего саммита в ""нормандском формате"", пишет ""Коммерсант"" со ссылкой на свои источники. По информации источников, Киеву передадут бронированные катера ""Никополь"" и ""Бердянск"", а также буксир ""Яны Капу"". Издание отмечает, что Россия и Украина ""на финальной стадии переговоров"" по этому вопросу. Отмечается, что передача кораблей может состояться в море. Предварительно с судов уберут боеприпасы, оставив штатное вооружение. Сообщается что вопрос могут решить до 9 декабря. Украинские корабли задержали в ноябре 2018 года. Три судна ВМС Украины вторглись в российские территориальные воды в районе Керченского пролива. В ходе обыска на кораблях нашли приказ прорваться в Азовское море и оружие. Интересно? Жми, чтобы подписаться на сайт в Яндексе Автор: Мария Федорова"	OK	Здесь освещен один сюжет
Прогноз погоды на 8 ноября	В Омской области на выходных похолодает до -22°C	https://asn24.ru/news/top/69929/	https://omskzdes.ru/society/66128.html	По информации Амурского ЦГМС, в пятницу, 8 ноября, ночью в отдельных западных районах Амурской области ожидается слабый снег. Ветер северо-западный умеренный. Температура на севере области -16… -21°, в Тындинском и Сковородинском районах местами до -27°, на юге области -10… -15°, местами при прояснении до -20°.Днем по области без осадков. Ветер северо-западный 9-14 метров в секунду. Температура на севере области -6… -11°, на юге -4… -9°.В Благовещенске ночью переменная облачность, слабый снег. Ветер северо-западный 6-11 метров в секунду. Температура -10… -12°. Днем небольшая облачность, без осадков. Ветер северо-западный 7-12 метров в секунду. Температура около -5°.	Синоптики прогнозируют понижение температуры в ближайшие дни.   Под данным Обь-Иртышского УГМС, завтра, 8 ноября, в Омской области дневные температуры составят 0…+5°C, ожидаются осадки в виде дождя и мокрого снега. Ветер будет дуть северо-западный 9-14 м/с, местами порывы превысят 18 м/с. В субботу, 9 ноября, начнётся понижение температуры воздуха. В ночные часы ожидается -7…-12°C, при прояснении похолодает до -18°C. Днём потеплеет до -4…-9°C, осадков не ожидается. Северо-западный ветер сменится на северо-восточный, скорость снизится до 4-9 м/с. 10 ноября, в воскресенье, за окном похолодает ещё больше. Ночные температуры составят -10…-15°C, при прояснении может похолодать до -22°C. В дневные часы столбик термометра покажет -6…-11°C, преимущественно без осадков, местами изморозь. Добавим, что на предстоящей рабочей неделе омичей ожидают резкие перепады температур и осадки в виде снега.	BAD	Здесь освещены разные сюжеты
