INPUT:url	INPUT:text	INPUT:title	GOLDEN:res	HINT:text
https://eadaily.com/ru/news/2019/11/05/rossiya-obognala-ssha-i-strany-evrosoyuza-po-eksportu-zerna	Россия с начала текущего сельскохозяйственного года (с 1 июля 2019 года) по 31 октября экспортировала 17,5 миллиона тонн зерновых культур. Об этом сообщает Минсельхоз РФ, ссылаясь на оперативную информацию ФТС России на 31 октября 2019 года . По данным Международного совета по зерну, которые приводит министерство, цена на российскую пшеницу четвертого класса (12,5% протеина, FOB Новороссийск) по состоянию на 31 октября составила 210 долларов за тонну, увеличившись за неделю на 1 доллар (на 0,5%). Экспорт зерна из России в 2018—2019 сельскохозяйственном году (с 1 июля 2018 года по 30 июня 2019 года) составил 43,3 миллиона тонн, в том числе 35,2 миллиона тонн пшеницы. Таким образом, Россия по итогам минувшего сельхозгода сохранила первое место в мире по поставкам пшеницы, обогнав как США, так и страны Евросоюза. Следует отметить, что, согласно ожиданиям Минсельхоза РФ, в 2019—2020 сельскохозяйственном году (с 1 июля 2019 года по 30 июня 2020 года) экспорт зерна из России составит 45 миллионов тонн, включая 36 миллионов тонн пшеницы. 	Россия обогнала США и страны Евросоюза по экспорту зерна	economy	Экономика
https://nevnov.ru/region/Arkhangelsk/740174-v-arkhangelske-proveryayut-na-dostovernost-smetu-kapitalnogo-remonta-shkoly-9	В столице Поморья дорабатывается проектно-сметная документация на капитальный ремонт школы № 9. Итоги экспертизы будут известны в конце декабря. В Архангельске ведется работа по капитальному ремонту школы № 9. Сейчас идет утверждение и согласование документации, сообщает сайт мэрии Архангельска. На днях состоялась встреча представителей мэрии Архангельска руководства школы и родительского актива по вопросу капитального ремонта школы № 9 на проспекте Ломоносова, 80. Сейчас процесс находится на этапе согласования проектно-сметной документации. Пакет документов был готов в конце сентября. Потребовалось некоторое время на устранение недочетов, которые выявил технический заказчик. Сейчас проектно-сметная документация полностью готова и находится в ГАУ АО «Архангельский региональный центр по ценообразованию в строительстве» для проверки достоверности на проведение капитального ремонта. Следующая встреча с родителями пройдет в конце декабря, когда уже будут известны итоги экспертизы проектной документации. Напомним, что инженерно-техническое исследование фундамента и стен здания проводилось зимой этого года. Специалисты решили, что есть возможность провести капитальный ремонт. Был проведен аукцион, с подрядчиком ИП Богдановым заключили контракт. #экспертиза#проект#архангельск#смета#капитальный ремонт в школе#школа № 9 	В Архангельске проверяют на достоверность смету капитального ремонта школы № 9	society	Подозрение на коррупцию - Общество
https://paperpaper.ru/papernews/2019/11/10/v-mojke-obnaruzhili-skelet-neizvestno/	У Фонарного моста через реку Мойку водолазы нашли останки неизвестного человека. Поисковые работы проводились по делу доцента СПбГУ Олега Соколова, сообщает «Фонтанка». По информации издания, вечером 9 ноября водолазы обнаружили тело, которое уже успело полностью разложиться. Поиски проходили напротив дома, где проживал подозреваемый в убийстве студентки историк Соколов. Утром 9 ноября из Мойки спасли доцента СПбГУ Олега Соколова, в рюкзаке которого нашли отрубленные женские руки. В его квартире обнаружили труп 24-летней девушки, которая, предположительно, была его студенткой и сожительницей. Возбуждено уголовное дело. Вечером 9 ноября историк оформил явку с повинной. 	В Мойке обнаружили скелет неизвестного человека. Водолазы искали останки девушки, в убийстве которой обвиняется историк Соколов	society	Криминал - Общество
https://life.ru/t/%D0%B0%D1%80%D1%82%D0%B8%D1%81%D1%82%D1%8B/1255224/volochkova_pokhudiela_do_pughaiushchiegho_sostoianiia_i_diietologhi_boiatsia_chto_budiet_dalshie	Недавно Анастасия поделилась снимком, на котором предстала в новом дерзком образе с короткой стрижкой. Но на этом перемены во внешности не закончились. Волочкова рассказала, что практически ничего не ест и проводит по восемь часов в день у станка, репетируя новое шоу. Результат танцовщица демонстрирует на снимках, где выглядит худой и измождённой. Такой образ жизни экс-балерины у многих вызвал беспокойство. По словам диетолога Нади Шарк, организм, недополучающий необходимые питательные вещества, может выйти из строя, пишет КП. Но, возможно, Волочкова дополнительно использует витамины, минералы, БАДы. Не остались в стороне и подписчики Анастасии в ``Инстаграме``. Напуганные фанаты предположили, что у танцовщицы вскоре могут возникнуть серьёзные проблемы со здоровьем, и даже заподозрили в начинающейся анорексии. Бывшая девушка Тимати выложила фото в бикини, напугав своей фигурой даже медиков 	Волочкова похудела до пугающего состояния, и диетологи боятся, что будет дальше	entertainment	Личная жизнь знаменитостей - Культура и развлечения
https://www.znak.com/2019-11-17/noveyshiy_voennyy_bespilotnik_ruhnul_v_ryazanskoy_oblasti	В Рязанской области потерпел крушение беспилотный авиационный комплекс «Орион». Он рухнул вблизи многоквартирного жилого дома в поселке Листвянка.   «Экспериментальный образец упал при выполнении испытательного полета. По предварительной версии, произошел отказ техники. Причины выясняются. Это [беспилотный аппарат] „Орион“», — сказал ТАСС следователь по особо важным делам Московского межрайонного СУ СК на транспорте Сергей Бубенев. По его словам, проблемы у беспилотника начались еще до посадки. «Погода вряд ли могла повлиять, возможно, боковой ветер», — сказал он. Как сообщила глава Рязанского района Наталья Жуняева, беспилотник упал примерно в 70-ти метрах от многоквартирного жилого дома. Пострадавших нет. «Орион» — средневысотный беспилотный комплекс большой продолжительности полета. На форуме «Армия-2018» группа «Кронштадт» демонстрировала блок управления вооружением для беспилотника и прототип боеприпаса собственной разработки массой до 50 кг, который может оснащаться различными боевыми частями. На авиасалоне «МАКС-2019» генеральный конструктор группы «Кронштадт» Николай Долженков сказал, что беспилотник «Орион» находится в финальной стадии испытаний, Минобороны России получит один такой комплекс до конца года. 	Новейший военный беспилотник рухнул в Рязанской области	society	Происшествие - Общество
https://nevnov.ru/region/Petrozavodsk/740500-vpervye-v-petrozavodsk-priedet-sankt-peterburgskii-teatr-muzykalnoi-komedii	В столицу Карелии приедут на гастроли артисты петербургского театра. На сцене Музыкального театра Карелии они исполнят свои самые лучшие номера. Санкт-Петербургский театр музыкальной комедии впервые приедет в Петрозаводск. Об этом сообщает издание «Karelia.news». Петербургский театр музыкальной комедии является одним из старейших в стране театров жанра опереттасанкт-петербургский . С 1938 года коллектив работает в красивейшем особняке на Итальянской улице. Одна из самых славных страниц в истории театра — работа в осажденном городе в течение всех девятисот дней Ленинградской блокады в годы ВОВ. Впервые в Петрозаводске с 6–8 декабря на сцене Музыкального театра выступят артисты Санкт-Петербургского театра музыкальной комедии. Они исполнят три оперетты и гала-концерт. Гостей ждет два спектакля – «Сильва» и «Граф Люксембург». Также петрозаводчане увидят поставленную петербургским театром впервые в России оперетту итальянских композиторов Карло Ломбардо и Вирджилио Ранцато «Чин Чи Ла, или Уроки любви». Гастроли завершатся гала-концертом звезд оперетты. Легкий и жизнерадостный жанр оперетты подарит жителям города минуты отдыха и забвения.   #карелия#петрозаводск#оперетта#санкт-петербургский театр музыкальной комедии 	Впервые в Петрозаводск приедет Санкт-Петербургский театр музыкальной комедии	entertainment	Культурное событие
https://zik.ua/ru/news/2019/11/06/dozhdy_y_veter_ukrayntsev_predupredyly_ob_oslozhnenyy_pogodnih_uslovyy_1684679	В среду, 6 ноября, в Украине ожидаются значительные дожди и сильный ветер. Об этом сообщает пресс-служба ГСЧС. «По прогнозу Укргидрометцентра, 6 ноября в Украине порывы ветра 15-20 м/с, на Закарпатье и Прикарпатье ночью и утром значительный дождь (И уровень опасности)», – говорится в сообщении. Также отмечается, что по Киеву и Киевской области 6 ноября порывы ветра 15-20 м/с (И уровень опасности). Напомним, в Украине 6-го ноября удержится теплая роскошная погода, температура в течение дня в большинстве областей +15+20 градусов, на юге до +22 градусов. 	Дожди и ветер: Украинцев предупредили об осложнении погодных условий	other	Погода - Прочее
https://meduza.io/cards/sledovateli-zasekretili-delo-ivana-golunova-hotya-zasekrechivat-prestupleniya-politseyskih-nelzya-i-chto-eto-zakonno	Следствие объявило, что материалы уголовного дела, по которому проверяют полицейских, задерживавших корреспондента «Медузы» Ивана Голунова, полностью засекречены. Поэтому следователь отказался представить документы в суд, куда адвокат Голунова Сергей Бадамшин пожаловался на затягивание проверки. Никак. «Засекречено все уголовное дело, от обложки до последней странички, без объяснения причин», — приводит слова Бадамшина «МБХ медиа». Он подтвердил «Медузе», что следователь в суде не ссылался ни на какие нормы Уголовно-процессуального кодекса. Нет. Все дело как таковое засекретить нельзя, но можно объявить секретными входящие в него материалы. «Когда в материалах дела имеются сведения, составляющие государственную тайну, на материалы дела ставится гриф „секретно“. Однако это не означает, что засекречиваются материалы уголовного дела полностью — режим государственной тайны распространяется только на те документы, которые ее содержат», — рассказал «Медузе» адвокат «Команды 29» Евгений Смирнов. Например, если в деле только одна секретная справка, то на конкретный том ставится пометка, что в нем содержатся секретные сведения. Перечень сведений, которые подлежат засекречиванию, также ограничен. К гостайне нельзя относить сведения: Да, в теории. В той же статье закона «О гостайне», где перечислены сведения, которые нельзя засекречивать, сказано, что «должностные лица, принявшие решения о засекречивании перечисленных сведений… несут уголовную, административную или дисциплинарную ответственность». Но, как отмечает Смирнов, ни в Уголовном кодексе, ни в Кодексе об административных правонарушениях ответственности конкретно за такие действия нет. «Для того же, чтобы наказать должностное лицо в рамках статей 285, 286 и 293 УК, которые устанавливают ответственность за неисполнение/ ненадлежащее исполнение должностными лицами своих обязанностей, необходимо наличие существенного нарушения прав и законных интересов граждан или организаций либо охраняемых законом интересов общества или государства или крупный ущерб. Доказать такое существенное нарушение, или крупный ущерб практически невозможно», — добавил адвокат. Нет. Подписку о неразглашении данных расследования следователь может взять в любом уголовном деле. Проще говоря, дело необязательно должно быть секретным или содержать гостайну, чтобы следователь ограничил возможность фигурантов и адвокатов рассказывать о нем. Суд тоже можно засекретить. По умолчанию разбирательство в российский судах всегда должно проходить в открытом режиме — любой человек может прийти на любое заседание в любой суд. Но есть перечень случаев, когда разбирательство закрывают от посторонних: Два простых примера. Допрос главы «Роснефти» Игоря Сечина по делу против бывшего министра экономического развития Алексея Улюкаева, проходил в закрытом режиме: прокурор утверждал, что в словах Сечина есть коммерческая тайна. В деле Марии Мотузной свидетельниц, оскорбившихся ее постами, и сотрудника Центра «Э» также допрашивали в закрытом заседании — те рассказали о поступавших им угрозах. Да. Защитник дает подписку о неразглашении сведений, отнесенных к гостайне, после чего следователь допускает его к документам. Но работать с ними сложнее, чем обычно. «Для адвоката засекреченные материалы всегда головная боль — не дают делать копии документов, свои выписки из материалов, заметно осложняется и бюрократизируется процедура ознакомления делом, а судебные заседания всегда проходят в закрытом режиме, что лишает действенного в нашей стране инструмента защиты — гласности», — объяснил адвокат Евгений Смирнов. Через суд. По словам Евгения Смирнова из «Команды 29», вопросами гостайны занимаются суды субъектов Федерации (например, Мосгорсуд), помимо этого можно пожаловаться начальнику следователя, который засекретил материалы. Адвокат Сергей Бадамшин отказался комментировать, можно ли оспорить решение следствия по делу Ивана Голунова. 	Следователи засекретили дело Ивана Голунова, хотя засекречивать преступления полицейских нельзя. И что, это законно?	society	Резонансное политическое дело - Общество
https://www.fontanka.ru/2019/11/08/100/	Шанхайский автопроизводитель Aiways получил все необходимые сертификаты для того, чтобы выпустить на рынок первый китайский электрический кроссовер в Европе. Aiways U5 будет представлен в Китае 29 ноября и сначала поступит на внутренний рынок, сообщает 8 ноября Bloomberg. Продажи планируется начать во втором квартале следующего года. Для европейского рынка будет подготовлена специальная модификация, учитывающая местные вкусы и требования регуляторов. Компания осознает, что вступает на рынок, где десятилетиями доминировали местные, американские и японские автопроизводители, и отвоевать себе место будет непросто, заявил журналистам соучредитель Aiways Фу Цян. Однако за ее продвижением в Европе будут внимательно следить десятки подобных китайских компаний, производящих электромобили и имеющих не менее масштабные амбиции. На фоне слабеющих продаж внутри Китая экспансия на европейский рынок выглядит логичным шагом. По мнению Bloomberg, сам по себе этот шаг уже знаменует «исторический» разворот, поскольку на протяжении многих лет, наоборот, европейские и американские автопроизводители старались завоевать китайский рынок. Теперь же набирает силу движение в обратном направлении. Китайские автомобили с традиционными двигателями давно уже стали привычными за пределами страны – но не электрические. А между тем, именно Китай является мировым лидером как по количеству, так и по разнообразию моделей электрокаров. Их выпуском заняты более полутысячи компаний – это настолько много, что даже вызвало озабоченность у властей. Судя по всему, китайцы на европейском рынке электромобилей собираются применить свое испытанное оружие – низкие, почти демпинговые цены. Aiways U5, по заявлению господина Фу Цяна, будет стоить от 25 тысяч евро. Аналогичные электрокроссоверы немецкого или американского производства обходятся в разы дороже, и даже многие хетчбэки, такие как Volkswagen ID.3 или Opel Corsa E, стоят или дороже, или почти столько же. 	Китайцы начинают «электрическое» вторжение в Европу. Первым будет кроссовер – дешевле хетчбэка	technology	Авто - Технологии
https://dtf.ru/esport/113682-po-dota-2-provedut-blagotvoritelnyy-turnir-dlya-borby-s-koronavirusom	Турнирный оператор WePlay! анонсировал глобальный онлайн-турнир по Dota 2. В конце марта по 4 команды из 6 регионов примут участие в благотворительном марафоне с целью сбора средств на поддержку борьбы с коронавирусом. Стартовый призовой фонд, который внесли организаторы, — 120 тысяч долларов. Также сообщается, что компания привлечет средства от спонсоров и зрителей. Все деньги пойдут в специализированные фонды, список которых огласят позже. WeSave! Charity Play пройдет в онлайне с 20 по 26 марта. Все средства с турнира будут пожертвованы в благотворительные организации.	По Dota 2 проведут благотворительный турнир для борьбы с коронавирусом	sports	Киберспорт тоже спорт
https://sakhalinmedia.ru/news/878155/	Даже если гороскопы — это всего лишь выдумка, то прок в них все равно есть. Вы, наверное, замечали, что в них нет негатива, как в тех же гаданиях. Ни один гороскоп не скажет вам, что будет пожар, смерть или измена. Конечно, в гороскопе могут написать, что у вас неблагоприятный день, но он всегда дает вам шанс обойти неприятности и препятствия. ИА SakhalinMedia предлагает астропрогноз на 16 ноября, составленный экспертами сервиса Astrocentr.ru. ОВЕН Вы можете стать жертвой навязчивой идеи. Пытаться с ней бороться бесполезно, так что расслабьтесь. Вряд ли она будет уж очень дурна. ТЕЛЕЦ Обратите внимание, правильно ли Вы распределяете свои симпатии. Для Вас характерна леность, нетребовательность к себе, нездоровый эгоизм и потакание прихотям. Затруднения в деловых и личных отношениях, особенно с молодыми женщинами. Любовные неприятности могут отвлекать от работы. Остерегайтесь экстравагантных покупок, излишних трат. Расчет на получение прибыли не оправдан. Неудачи в контактах с публикой, в общественной деятельности. Возможны финансовые или юридические затруднения БЛИЗНЕЦЫ День хорош для деловых начинаний. На вечер можно запланировать поход к парикмахеру. Скоротечный служебный роман может вызвать открытую неприязнь со стороны коллег и начальства. Постарайтесь избежать служебных связей, — Вы только выиграете. РАК Все вокруг Вас будут смеяться. Не нужно обижаться, они смеются не над Вами, а с Вами. У Вас появятся новые друзья. ЛЕВ Вы настолько будете поглощены собственными проблемами и делами, что можете не обратить внимание на проблемы, возникающие в семье. К тому же, Вы будете склонны слишком резко реагировать на просьбы и претензии со стороны домочадцев, расценивая любое их пожелание, как покушение на свою свободу. Ясное дело, что такое поведение гармонии и миру в семье способствовать не будет. Так что, если Вы не хотите перессориться со всеми членами семьи, то должны вести себя с ними более мягко, лояльно и снисходительно. ДЕВА Вы не найдете поддержки и покровительства, даже понимания. Рабочий день сопровождается ссорами и недовольством, различными затруднениями и препятствиями. Вы можете понести неожиданные потери. Следует избегать травм на производстве. Тем не менее, если Вам удастся найти конструктивное применение Вашему возросшему честолюбию, то можете добиться достойных результатов. ВЕСЫ День будет отмечен высокой активностью. Ваше чувство осторожности может помешать Вашей карьере. Отличное настроение и боевой настрой, полученные вместе с чашкой утреннего кофе, способствуют Вашей работоспособности. Вероятны конфликты с близкими, особенно со старшими родственниками. СКОРПИОН Вы, возможно, гораздо больше зависите от других, чем думаете. Придется признать этот несколько удручающий факт и вести себя соответственно. СТРЕЛЕЦ Вам хочется быть дома, Вы себя чувствуете комфортно среди близких, у домашнего очага. Появляется стремление иметь собственность и ею распоряжаться по своему усмотрению, быть главой семьи. Это может приводить к приступам домашней тирании и недоразумениям с родителями. Возможно, что домашние дела угнетают Дух, возникает много дел по дому, на это уходит много энергии. КОЗЕРОГ Ваша задача — быть в курсе событий, тогда Вам не придется жалеть об упущенных возможностях. Не уходите далеко от телефона и почаще проверяйте почтовый ящик. ВОДОЛЕЙ Обаяние и неотразимость в общении, поездках, контактах. Вы вежливы, предупредительны и тактичны, у Вас со всеми гармоничные отношения. Может произойти романтическое знакомство в поездке или по телефону. Вы склонны писать сегодня сентиментальные стихи и любовные письма. Возможны также проблемы в обучении из-за лени, неудовлетворенность и дискомфорт в отношениях с соучениками, родственниками, соседями. РЫБЫ Лучший фон для деловых поездок и переговоров. Исключите сегодня из своего меню мясо, замените его овощами. Подходящий момент для выяснения отношений с любимым человеком. Будьте осторожны — не повредите бытовую технику. 	Гороскоп на 17 ноября: Львы поглощены проблемами, а Овны стали жертвой навязчивой идеи	other	Гороскопы на будущее - Прочее
https://newdaynews.ru/incidents/675570.html	В Иванове задержали банду телефонных мошенников, которые действовали в разных регионах России. Злоумышленники представлялись сотрудниками банков и похищали деньги доверчивых граждан. Как сообщила официальный представитель МВД РФ Ирина Волк, в полицию поступило несколько заявлений о хищении денег, совершенных дистанционным путем. Во всех случаях схема преступления была одинакова: мошенники звонили клиентам банков и заявляли о попытке снятия денег со счета. Затем звонивший предлагал перевести средства на «безопасный» счет, граждане сами называли злоумышленникам все данные, которые позволяли списать деньги. «Таким образом, мнимые сотрудники банка получали доступ к электронным счетам граждан и похищали их сбережения. Причиненный ущерб варьировался от 9000 до 20 000 рублей», – отметила Волк, добавив, что преступники постоянного места дислокации не имели – пытаясь запутать следы, они переезжали с места на место и совершали звонки из разных регионов страны. В результате спецоперации силовики задержали девять подозреваемых – семь женщины и двух мужчин. По предварительной информации, задержанные могут быть причастны более чем к 50 эпизодам противоправной деятельности. Уголовное дело возбуждено по п. «г» ч. 3 ст. 158 УК РФ «кража, совершенная с банковского счета». При обысках у подозреваемых изъято около 20 мобильных телефонов, свыше 200 сим-карт, более десяти банковских карт. Одного фигуранта суд поместил под стражу, остальные дали подписку о невыезде и надлежащем поведении. Иваново, Служба информации РИА «Новый День» © 2019, РИА «Новый День» Написать автору или сообщить новостьПодписывайтесь на каналыЯндекс НовостиЯндекс ДзенYouTube	В Иванове задержали банду телефонных мошенников	society	Криминал - Общество
https://adindex.ru/news/offtop/2019/11/18/277094.phtml	Starvit будет ориентирован на любителей здорового образа жизни Холдинг «Газпром-медиа» (НТВ, ТНТ, «Авторадио» и др.) запустил новое направление бизнеса — энергетические напитки под брендом Starvit. Об этом пишет газета «Коммерсантъ». Речь идет о растворимых таблетках Starvit Vitamin Energy, среди основных компонентов которых кофеин, теанин, экстракт корня женьшеня и китайский лимонник. Продукт позиционируется как «витаминный коктейль» и «натуральный стимулятор». Starvit станет зонтичным брендом, под которым планируется «линейка функциональных напитков», подтвердили изданию в «Газпром-медиа». Целевая аудитория — живущие в мегаполисах молодые люди в возрасте 20–40 лет, которые привыкли к интернет-покупкам, уточнили в компании. Он уже продвигается в социальных сетях, в том числе с помощью интеграций с блогерами. Гендиректором новой компании ООО «Старвит» стал Александр Самборский (руководит ООО «ТНТ-Регион»). Starvit — не первый непрофильный проект «Газпром-медиа». В августе холдинг стал соучредителем с долей 50% агентства по работе со звездами BubelMGT, основанного участницей шоу «Холостяк» на ТНТ Дусей Бубель. Также холдинг за недавнее время инвестировал в стартап Native Rent по пакетному размещению нативной рекламы, агентство по работе с блогерами Happy Monday Family, производителя детских товаров Nappy Club, агрегатор кейтеринговых сервисов Catery Catery. 	«Газпром-медиа» запустил собственный бренд энергетических напитков	economy	Бизнес - Экономика
https://etcetera.media/uchenyie-vyiyasnyali-skolko-energii-chelovek-tratit-na-to-chtobyi-dumat.html	Люди, которые занимаются физическим трудом, нередко подшучивают над офисными сотрудниками и инженерами. В обществе бытует мнение, что они не напрягаются, ведь их работа – «стучать по клавиатуре». EtCetera выяснял, правда ли, что умственная работа не требует больших энергозатрат. ОБЯЗАТЕЛЬНЫЙ МИНИМУМ. В течение суток организм расходует энергию не только на силовые или умственные нагрузки, но и на поддержание жизненных процессов. Например, энергия тратится на дыхание и на работу внутренних органов. Так что даже если человек будет целый день лежать на диване в теплой комнате, его организм будет работать и тратить силы. Чтобы узнать, сколько калорий вы тратите таким образом, нужно вычислить показательBMR (базального метаболизма). В среднем мужчины в возрасте 30-39 лет при весе 70 кг тратят на основной обмен 1650 Ккал, а женщины того же возраста при весе 55 кг – 1260 Ккал. ФИЗИЧЕСКАЯ РАБОТА. Когда человек занимается какой-то деятельностью, его энергозатраты возрастают. И, чтобы выяснить, какое количество энергии он тратит за день, необходимо вычислить AMR (активный метаболизм), то есть умножить показатели основного обмена на коэффициент, соответствующий работе. Меньше всего энергии необходимо тем, кто ведет сидячий образ жизни (коэффициент – 1,2). При средней активности, например, физических нагрузках от 3 до 5 раз в неделю коэффициент возрастает до 1,55, а для профессиональных спортсменов – до 1,9. ПОЧЕМУ МЫ НЕ ЛЮБИМ ДУМАТЬ? В среднем в организме человека на мышцы приходится 35-45% от общей массы тела, а на мозг – всего около 2%. При этом он требует колоссальных энергетических ресурсов. Сергей САВЕЛЬЕВ, доктор биологических наук: В течение долгих веков эволюции организм приспосабливался экономить ресурсы, потому что у людей не было уверенности, что они смогут добыть себе пищу на следующий день. Современный человек редко испытывают острый недостаток в еде, поэтому не видит смысла в экономии энергии. Но привычка «экономить» заложена в нас на уровне генов и рефлексов. КАК РАБОТАЕТ МОЗГ? Врач-психиатр Андрей Курпатовобъясняет, что человеческий мозг работает не с фактами реальности, а с интеллектуальными объектами. Он постоянно получает сигналы извне через органы чувств, которые устроены так, что в один момент времени могут либо воспринимать информацию, либо передавать ее мозгу. Поэтому органы чувств на время «отключаются», чтобы передать мозгу сигнал. В результате мозг получает прерывистые сведения и «видит» не весь процесс, а его отдельные моменты. Затем ему приходится производить сложную и энергозатратную работу – реконструировать реальность по полученным фрагментам. Это можно сравнить с тем, как мы смотрим кино: лента состоит из отдельных картинок, но мы воспринимаем их как плавное движение. КАК ВОССТАНОВИТЬСЯ ПОСЛЕ НАГРУЗКИ? Сознательно остановить работу мозга мы не можем: он продолжает трудиться даже во сне – обрабатывает полученную за день информацию и синхронизирует работу полушарий. Поэтому лучший отдых для мозга – это смена деятельности. В отличие от деятельности мозга, работа мышц находится в зоне нашего контроля. Лучшие способы восстановления после физической нагрузки определили ученые французского университета Пуатье. В 2018 году они исследовали три базы данных – PubMed, Embase и Web-of-Science и пришли к выводу, что наиболее эффективно снимает усталость мышц массаж и компрессионная (утягивающая) одежда. А для снятия воспаления мышц лучше использовать массаж в сочетании с прохладной ванной. 	Сколько энергии человек тратит, чтобы думать	not_news	Не новость
https://life.ru/t/%D0%B0%D1%80%D1%82%D0%B8%D1%81%D1%82%D1%8B/1255224/volochkova_pokhudiela_do_pughaiushchiegho_sostoianiia_i_diietologhi_boiatsia_chto_budiet_dalshie	Недавно Анастасия поделилась снимком, на котором предстала в новом дерзком образе с короткой стрижкой. Но на этом перемены во внешности не закончились. Волочкова рассказала, что практически ничего не ест и проводит по восемь часов в день у станка, репетируя новое шоу. Результат танцовщица демонстрирует на снимках, где выглядит худой и измождённой. Такой образ жизни экс-балерины у многих вызвал беспокойство. По словам диетолога Нади Шарк, организм, недополучающий необходимые питательные вещества, может выйти из строя, пишет КП. Но, возможно, Волочкова дополнительно использует витамины, минералы, БАДы. Не остались в стороне и подписчики Анастасии в ``Инстаграме``. Напуганные фанаты предположили, что у танцовщицы вскоре могут возникнуть серьёзные проблемы со здоровьем, и даже заподозрили в начинающейся анорексии. Бывшая девушка Тимати выложила фото в бикини, напугав своей фигурой даже медиков 	Волочкова похудела до пугающего состояния, и диетологи боятся, что будет дальше	entertainment	Личная жизнь знаменитостей - Культура и развлечения
https://www.rlsnet.ru/news_102654.htm	ФГБУ ДПО «Центральная государственная медицинская академия» Управления делами Президента Российской Федерации 22 ноября 2019 года проводит научно-практическую конференцию «Актуальные вопросы офтальмологии». Научный руководитель — И.Э. Иошин, д.м.н., профессор, заведующий офтальмологическим центром ФГБУ «Клиническая больница» Управления делами Президента РФ, главный внештатный специалист офтальмолог Управления делами Президента РФ. Организаторы Программа конференции Конференция будет транслироваться онлайн. Необходимо зарегистрироваться в специальной форме на официальном сайте мероприятия, ссылка для просмотра будет отправлена на указанный при регистрации адрес электронной почты. Документация по конференции представлена в Комиссию по оценке учебных мероприятий и материалов для НМО (www.sovetnmo.ru). Начало научной программы в 09.00. Место проведения: Москва, ФГБУ «Поликлиника №1», Калошин пер., д. 3, стр. 2 (проходная). 	Актуальные вопросы офтальмологии	science	Новость про науку
https://www.ural56.ru/news/637593/	В Оренбургской областной филармонии появится симфонический оркестр. Именно для его музыкантов учреждение недавно закупило немецкие скрипки на сумму почти 9 млн. рублей. Симфонический оркестр создадут на базе камерного оркестра, который существует уже 20 лет. Благодаря нацпроекту «Культура» появилась возможность сделать большой музыкальный коллектив. Для этого филармонии были выделены средства на покупку инструментов. В октябре учреждение закупило 14 скрипок немецкой фирмы, их приобретение обошлось в 9104800 руб. В Минкульте пояснили, почему были выбраны столь недешевые инструменты. Выбор делали сами музыканты. Сообщается, что скрипки изготовлены из дорогих пород дерева вручную, что позволит получать качественный звук. Музыкальный инструмент. Фото: Минкультуры Оренбургской области Кроме того, учреждение культуры планирует приобрести еще несколько акустических и цифровых музыкальных инструментов, среди них духовые и фортепиано. Добавить Ural56.ru в избранные источники Яндекс Новости 	Стало известно, зачем оренбургская филармония купила скрипок на 9 млн.руб.	entertainment	Концерты в филармонии - Культура и развлечения
https://tvkultura.ru/article/show/article_id/352557	Запись Шестой симфонии Малера, сделанная оркестром MusicAeterna под управлением Теодора Курентзиса была отмечена престижной музыкальной премией Edison Klassiek — 2019. Члены жюри назвали запись ошеломительной. «Теодор Курентзис как будто заново сочиняет эту партитуру, и ты ловишь себя на мысли, что ты как будто никогда прежде не слышал музыку Малер», - сказано в сообщении. Это не первая победа Курентзиcа и оркестра MusicAeterna. Исполнители получают премию Edison Klassiek третий год подряд. В 2017 году этой награды была удостоена запись Don Giovanni Моцарта в номинации «Опера», а в 2018 году — Шестая («Патетическая») симфония Чайковского в номинации «Оркестр». Фото: Вадим Шульц 	Теодор Курентзис и MusicAeterna стали лауреатами премии Edison Klassiek	entertainment	Музыка - Культура и развлечения
https://meduza.io/news/2019/11/14/kompaniya-facebook-vpervye-raskryla-dannye-ob-udalenii-kontenta-iz-instagrama-za-polgoda-tam-zablokirovali-bolshe-treh-millionov-postov	Компания Facebook представила отчет об удалении контента во втором и третьем квартале 2019 года. В него впервые включены данные про инстаграм (принадлежит Facebook). В общей сложности в апреле-сентябре из инстаграма было удалено не менее 3,3 миллиона постов, нарушающих политику соцсети. Речь идет о записях, попавших в одну их четырех категорий: суицид и причинение вреда себе (1,7 миллиона удаленных постов), фото детей с изображением обнаженного тела и сексуальная эксплуатация детей (1,3 миллиона постов), террористическая пропаганда (240 тысяч постов) и покупка или продажа запрещенных товаров (1,55 миллиона постов только за третий квартал 2019 года). Статистика по другим категориям не представлена. В отчете отмечается, что в абсолютном большинстве случаев записи были обнаружены и удалены до того, как на них пожаловались пользователи. 	Компания Facebook впервые раскрыла данные об удалении контента из инстаграма. За полгода заблокировали больше трех миллионов постов	technology	Инстаграм, Facebook - Технологии
https://www.searchengines.ru/local-expand.html	Google Ads приступил к запуску ряда обновлений для локальных и торговых кампаний. Новые функции станут доступны в ближайшие недели. На момент запуска в 2018 году основной целью локальных кампаний было привлечение покупателей в торговые точки, а единственной целью для оптимизации были посещения магазина. Теперь локальные кампании также будут поддерживать и другие цели, такие как звонки или  запросы маршрута, для которых не нужен учёт посещений. В скором времени рекламодатели, использующие локальные кампании, смогут загружать фиды товаров и выбирать набор товаров для показа в объявлениях в контекстно-медийной сети Google. Объявление на примере ниже содержит информацию о часах работы магазина, картинку и перечень доступных в магазине товаров. Новая функция позволит показывать торговые точки тем пользователям, которые прокладывают маршрут, проходящий рядом с ними. При нажатии на пин магазина пользователи увидят более подробную информацию о нём и смогут добавить соответствующую остановку в свой маршрут. Рекламодатели смогут добавлять в эти объявления две новые CTA-кнопки: «Pick up today» (забрать сегодня) и «Pick up later» (забрать позже). Эта функция пока находится на стадии бета-тестирования. С её помощью рекламодатели могут помечать те товары, которые можно забрать в магазине сразу после покупки онлайн, а также те, которые можно заказать онлайн и получить в магазине позже. Чтобы присоединится к бете, нужно связаться с менеджером Google Ads. В сентябре Google Ads позволил использовать данные о посещениях магазинов при интеллектуальном назначении ставок в поисковых кампаниях. В ближайшие недели эта опция также станет доступна для торговых и умных торговых кампаний. Напомним, что Google Ads анонсировал новые функции для локальных кампаний в мае. 	Google Ads расширяет функционал локальных и торговых кампаний	technology	Интернет - Технологии
https://utro.ru/life/2019/11/05/1423358.shtml	прочитано 829 раз Грядущая зима не запомнится россиянам лютыми морозами. Холоднее обычного будет лишь на Дальнем Востоке в декабре, предупредил исполняющий обязанности директора Гидрометцентра России Роман Вильфанд. У жителей большинства регионов следующий месяц оставит самые теплые воспоминания в прямом смысле слова, передает ``Российская газета``. Также россиян ожидает стандартный январь, отметил синоптик. Сюрпризы грозят лишь Якутии. А вот февраля стоит бояться центру и северо-западу России. Последний зимний месяц будет прохладнее, чем все привыкли, передает ``ФедералПресс``. Осадки же спрогнозировать не так-то просто, добавил специалист. Однако в ближайшее время снега быть не должно, уверил он с небольшой оговоркой. Ситуация за окном напомнит сентябрьскую – будет тепло и сыро. Завтра, 6 ноября, ``день будет гораздо более дождливый, чем сегодня``. В среду данная тенденция сохранится, но подует сильный ветер. Погода начнет портиться с четверга, 8 ноября. Тогда температура составит +5…+8° С. Однако уже в воскресенье она поднимется до +11° С. Жителям Северной столицы повезло меньше. Там уже сегодня, 5 ноября, синоптики прогнозировали мокрый снег, температуру +1...-1° С и штормовой ветер, пишет FlashNord. 	Зима отменяется: синоптики рассекретили ``план`` декабря	other	Погода - Прочее
https://news-r.ru/news/rostov_oblast/382950/	Музыкант трагически погиб, возвращаясь с концерта в Сочи Ростов-на-Дону, 12 ноября. Жизнь ростовского гитариста ростовской рок-группы трагически оборвалась 10 ноября на Кубани. Елисея Коробецкого не стало в возрасте 34-х лет. В тот день он возвращался с концерта в Сочи на попутке вместе с ребятами. В катастрофе погиб лишь Елисей. Прощание с артистом пройдет в его родном городе в Аксае. Информация об этом появилась на личной странице погибшего. Сообщается, что проститься с Елисеем можно будет в 12.00 13 ноября по адресу проспект Шолохова 214/2. В 12.40 состоится выезд на кладбище, затем в 13.20 отпевание в часовне. Погребение намечено на 14.00. Помины пройдут в 15.00. Отмечается также, что транспорт предоставляется. Тем временем, на официальной странице коллектива размещено соболезнование родным в связи с утратой. - Погиб наш коллега, друг, товарищ, отличный музыкант, гитарист группы Cotton Joe rockabilly band Елисей Коробецкий. Приносим глубочайшие соболезнования его семье, близким, - написали участники коллектива. Ранее «Регион online» сообщал о том, что в дорожно-транспортном происшествии в Краснодасрком крае погиб Елисей Коробецкий, гитарист рокабилли-бэнда Cotton Joe из Ростова-на-Дону. По предварительной версии, водитель уснул за рулем и столкнулся с попутным авто. Читайте нас в  News 	В Аксае простятся с погибшем рок-гитаристом «Cotton Joe» Елисеем Коробецким	entertainment	Смерти знаменитостей - Культура и развлечения
https://overclockers.ru/blog/goldas/show/31704/xiaomi-dobavit-podderzhku-voiceprint-v-seriju-mi-tv-5	Начислено вознаграждениеЭта новость написана посетителем сайта, и за неё начислено вознаграждение.   Недавно компания Xiaomi подтвердила, что в настоящее время тестирует интересную функцию Voiceprint для своей недавно анонсированной линейки телевизоров Mi TV 5. В скором времени компания добавит поддержку голосовой печати на новых моделях Mi TV 5. Точной даты внедрения новой функции пока нет, но обновление должно скоро появиться. Voiceprint сделает использование телевизоров Mi TV 5 для каждого отдельного человека сугубо индивидуальным. С поддержкой голосовой печати Mi TV 5 сможет распознавать каждого пользователя по его или ее уникальному голосу.    Представьте себе ситуацию, когда вы можете обратиться к телевизору, и он сразу же узнает вас, подстроится под конкретный профиль и покажет ваш персонализированный контент и рекомендации. Другой хороший пример - когда вы можете просто сказать: «Продолжить с предыдущего видео», - и телевизор автоматически воспроизведет видео, которое вы в последний раз воспроизводили. Это как профиль отпечатка пальца, но для голоса. Mi TV 5 поставляется в обычном и Pro вариантах, с 4 ГБ ОЗУ и 64 ГБ встроенной памяти для обеспечения наиболее плавной работы. Как обычно, этот новый Smart TV от Xiaomi поставляется с собственным пользовательским интерфейсом PatchWall. Никуда не денется у новинки и традиционная поддержка Dolby Audio и DTS HD Sound. 	Xiaomi добавит поддержку Voiceprint в серию Mi TV 5	technology	Смартфоны - Технологии
https://discover24.ru/2019/11/v-sakkare-obnaruzheno-drevnee-podzemele-kotoroe-sozdali-ne-egiptyane/	В некрополе египетского поселения Саккара археологам удалось найти древние катакомбы, возведением которых занимались не египтяне. Согласно словам специалистов, это подземелье было создано почти 2 000 лет назад. Они считают, что его построили древние римляне. Ученые заметили в нем большую погребальную зону, вырубленную прямо в скале. Она включает в себя 15-метровый зал и множество ниш, вырезанных в боковых стенках. После осмотра всех ниш ученые обнаружили терракотовые статуэтки с изображением различных богов. Археологи добавили, что жители Египта воспользовались этими катакомбами повторно после ухода римлян. Рядом с ними располагались еще несколько обычных захоронений, которые, скорее всего, были сделаны в период существования Византии. 	В Саккаре обнаружено древнее подземелье, которое создали не египтяне	science	Наука
https://russian.rt.com/science/article/520906-istoriya-germaniya-ariiskie-braki	7 июня 1938 года в Австрии начали действовать нацистские законы об «охране германской крови». Населению аннексированной страны запрещалось вступать в брак с неарийцами. На территории Германии аналогичные нормы работали уже почти три года. Историки отмечают, что жёсткое регулирование личной жизни объяснялось желанием Гитлера построить «тысячелетний рейх» на основе господствующей расы. Впрочем, брачными запретами дело не ограничилось. Нацисты похищали из оккупированных стран детей, подходящих под арийский стандарт внешности, и даже собирались ввести многожёнство. О расовой политике Третьего рейха — в материале RT.	«Суть нацистского режима»: как Гитлер планировал создать «расу господ»	not_news	Историческая справка, не новость 
https://korrespondent.net/ukraine/4156394-sutky-na-donbasse-6-obstrelov-odyn-voennyi-ranen	 В воскресенье, 3 ноября, незаконные вооруженные формирования нарушили режим прекращения огня 6 раз, в результате обстрелов ранение получил один украинский военнослужащий, сообщает пресс-центр операции Объединенных сил. Противник обстрелял позиции наших подразделений из гранатометов различных систем, крупнокалиберных пулеметов и стрелкового оружия. 5 обстрелов позиций украинских сил было осуществлено в районе ответственности оперативно-тактической группировки ``СЕВЕР`` - возле Новолуганского, Хутора Свободного, в районе Золотого, вне участка разведения, дважды - близ населенного пункта Луганское.  В районе ответственности оперативно-тактической группировки ``ВОСТОК`` противник из станковых и автоматических гранатометов обстрелял позиции украинских сил возле Водяного. Вместе с тем продолжаются мероприятия в области разведения №2 в районе н.п. Золотое-4 Луганской области. ``Проходит техническое обследование, разминирование дорог и обочин, очистка местности, загрязненной взрывоопасными предметами, которое по графику продлится до 9 ноября``, - сообщили в штабе. Напомним, ранее президент Владимир Зеленский поздравил воинов и ветеранов ракетных войск и артиллерии с профессиональным праздником и выказал требование, чтобы они держали ``порох сухим`` и были гарантами тишины на Донбассе 	Сутки на Донбассе: 6 обстрелов, один военный ранен	society	Военные действия - Общество
https://www.cybersport.ru/overwatch/videos/animator-cd-projekt-sozdal-neveroyatnye-roliki-dlya-luchshikh-momentov-matcha-v-overwatch	Поклонник Overwatch и аниматор CD Projekt Давид Lamb Кордеро создал новые неофициальные ролики для лучших моментов матча. Он сделал анимации для Genji, Zenyatta, D.Va, Tracer и других героев. Инсайдер Naeri собрал их в одном видео и опубликовал в твиттере. В роликах Кордеро Genji отражает пулю от Widowmaker, Lucio скидывает оппонента в колодец на карте Иллиос, а меха D.Va демонстрирует дэб. Ознакомиться с полным списком анимаций в хорошем качестве и посмотреть другие работы автора можно по ссылке. В ночь на 2 ноября Blizzard представила вторую часть Overwatch. Известно, что в шутере появится сюжетная линия и PvE-режим, а также новые персонажи. Дату релиза сиквела разработчики не сообщили. Прочитать подробнее о нововведениях Overwatch 2 можно тут. 	Аниматор CD Projekt создал невероятные ролики для лучших моментов матча в Overwatch	entertainment	Игры - Культура и развлечения
https://rns.online/economy/V-Kremle-napomnili-o-rabochem-dne-31-dekabrya-2019-11-13/	Пресс-секретарь президента России Дмитрий Песков призвал не дискутировать на тему того, нужно ли делать 31 декабря выходным днем в этом году, несмотря на составленный Минтрудом график, передает «РИА Новости». «Было принято такое решение, день рабочий. Соответственно, надо работать», — сказал Песков, добавив, что россиян об этом решении предупредили заранее. Песков также добавил, что продолжительность зимних каникул может варьироваться. Каникулы в 2020 году будут короче, чем в предыдущие годы — с 1 по 8 января. 	В Кремле напомнили о рабочем дне 31 декабря	society	Законы - Общество
https://tjournal.ru/news/125472-fsb-raskritikovala-zakonoproekt-o-cifrovyh-profilyah-grazhdan-iz-za-riska-utechki-personalnyh-dannyh	В ведомстве считают, что у законопроекта нет целей, которые предусматривают обработку персональных данных в таком объёме. ФСБ раскритиковала предложение о создании цифровых профилей граждан из-за риска утечки персональных данных граждан, подлежащих государственной защите (силовики, прокуроры, судьи — прим. TJ). В руки журналистов «Коммерсанта» попала копия письма с замечаниями ведомства Руководитель службы оперативной информации и международных связей ФСБ Сергей Беседа утверждает, что у законопроекта нет «конкретных целей, для достижения которых предусматривается обработка персональных данных в предлагаемом объеме». Он также указал, что предложение якобы сильно повышает риск утечки сведений о лицах, подлежащих государственной защите. Беседа заявил, что законопроект нуждается в доработке. Предложение также раскритиковали в комитете Госдумы по федеративному устройству. Депутаты указали, что необходимо детально проработать систему защиты. Они также указали на серьёзные расходы федеральных и региональных средств для создания платформы и предложили перенести рассмотрение законопроекта на март 2020 года. Законопроект о создании цифровых профилей граждан внесли в Госдуму в начале июля. Депутаты предлагают объединить всю информацию из различных ведомств о россиянах на единой цифровой платформе. Создание системы предусмотрено в рамках нацпроекта «Цифровая экономика». 	ФСБ раскритиковала законопроект о цифровых профилях граждан из-за риска утечки персональных данных	society	Законы - Общество
https://mel.fm/novosti/5317082-issledovaniye-vo-vremya-ikoty-organizm	Вчера, 19:11 Вчера, 19:11 Учёные из Университета Лондона (University College London, UCL) пришли к выводу, что икота в самом раннем возрасте необходима детскому организму для налаживания работы мозга и дыхательной системы. У взрослых же, как предполагают нейрологи, икота скорее всего является рудиментарной функцией из периода младенчества. Авторы исследования утверждают, что непроизвольные движения диафрагмы вызывают в детском организме определенного рода импульсы, которые передаются в мозг и помогают при выстраивании через мозг работы всей дыхательной системы целиком. Многие из внутриутробных действий плода нужны для тренировки различных систем его организма и подготовки к жизни после родов. Аналогичное объяснение они увидели и в икоте не только новорожденных, но и во внутриутробной икоте, которая является одним из самых ранних действий, на которые способен плод. Например, известно, что ребёнок начинает икать в материнской утробе уже на девятой неделе. У новорождённого, особенно, если ребёнок родился недоношенным, икота является крайне частым явлением. Учёные замерили данные у детей в утробе матери на сроках от 30 до 42 гестационных недель, а также изучили показатели среди недоношенных. Икоту регистрировали при помощи датчиков движения и электроэнцефалограммы. Наблюдения показали, что сокращения мышц диафрагмы при икоте вызывали выраженный ответ в коре головного мозга. Тогда учёные предположили, что мозг новорожденного может связывать сам звук икоты с ощущением от сокращения мышц диафрагмы и запускать выработку навыка дыхания. Авторы исследования посчитали, что это заключение может помочь разобраться, что означает икота для взрослого организма и только ли это рудиментарный рефлекс, доставшихся нам из самого раннего периода развития. 	Исследование: икота нужна детскому организму для настройки работы мозга и дыхательной системы	science	Наука
https://www.ostro.org/general/proisshestviya/news/579787/	Дизельный поезд горел на перегоне ``Колосовка - Николаев`` Николаевской области в субботу. Об этом говорится в сообщении областного главка Государственной службы по чрезвычайным ситуациям. В нем говорится, что 16 ноября в 13:23 в Службу спасения поступило сообщение о пожаре в дизельном поезде. К месту вызова было направлено отделение 11-й государственной пожарно-спасательной части. По прибытии было установлено, что огнем охвачен тягач и последний вагон поезда, другие вагоны с пассажирами отцепили и отправили на место назначения по маршруту до прибытия спасателей. В 14:00 пожар был локализован и через полтора часа ликвидирован. Пострадавших при пожаре нет. Причина возникновения пожара устанавливается правоохранительными органами. 	В Николаевской области горел пассажирский поезд: обошлось без жертв	society	Происшествие, а значит Общество
https://inosmi.ru/politic/20191117/246247938.html	Николас Мадуро и Эво Моралес — опасные диктаторы, которые ввергли свои страны в хаос. С рациональной точки зрения левых социалистов в Латинской Америке можно назвать в политическом отношении мертвым грузом. В долгосрочной перспективе бессмысленно делать ставку на эти режимы. Понимает ли это Кремль? Да, понимает. Следовательно, здесь может возникнуть совершенно логичный вопрос: по какой причине россияне их поддерживают? Ответ на этот вопрос найти непросто: чтобы понять реальные мотивы действий Москвы, необходимо рассмотреть всю ситуацию с точки зрения фундаментальных внешнеполитических взглядов президента Путина на международные отношения. В современной России эта система взглядов называется русским неоконсерватизмом или путинизмом. В основе внешней политики лежит задача вернуть России статус великой державы. С точки зрения Путина, он не только лидер страны, но и продолжатель миссии царей и императоров по реализации концепции «Москва — третий Рим». Мир должен принять тот факт, что он действительно в это верит. В то же время он прагматик, а это значит, что латиноамериканские или ближневосточные диктаторы мало что значат для него, как и судьба этих стран и их народов. Путин однажды четко заявил, что мир без России ему не нужен. С этой точки зрения, российский президент рассматривает Сирию и Латинскую Америку исключительно как предмет торга в будущем диалоге с США и Китаем по новой структуре мирового порядка. Венесуэла и Боливия — это страны, которые, согласно доктрине Монро, относятся к зоне особых политических, экономических и военно-технических интересов Соединенных Штатов. В прошлом Россия (в то время в лице СССР) и Америка уже сталкивались друг с другом в этой зоне геополитических интересов Вашингтона. Во время карибского кризиса 1962 года администрация Кеннеди была готова принять самые решительные меры, чтобы избавиться от советских ядерных ракет, расположенных вблизи штата Флорида. В тот момент холодная война почти переросла в первую глобальную ядерную войну между двумя сверхдержавами. Из этого кризиса Москва извлекла два основных урока. Во-первых, Вашингтон готов начать войну, если другое государство перейдет границы дозволенного в странах американского континента. Во-вторых, случаи с латиноамериканскими странами можно использовать в качестве темы переговоров, а также для того, чтобы достичь дальнейших уступок с американской стороны по более важным вопросам (например, таких, как соглашение о выводе ракет из Турции во время кубинского кризиса 1962 года). Путин довольно осторожен. С одной стороны, он не переходит границ и не предпринимает рискованных шагов. С другой стороны, он возвращает «русский фактор» в зону доктрины Монро. Для России важно, чтобы Мадуро и другие латиноамериканские политики стали головной болью для Вашингтона. И чем сильнее будет эта боль, тем лучше. Политический расчет кремлевских стратегов основан на том факте, что США рано или поздно обратятся к Кремлю с просьбой помочь им в решении определенной задачи. Москва согласится помочь в обмен на нечто, связанное, например, с Украиной или развертыванием системы противоракетной обороны в Восточной Европе. Военно-политическая элита Путина убеждена, что прагматичный Дональд Трамп рассматривает далекую Украину, которая приносит ему одни лишь проблемы, как менее значимую в стратегическом отношении страну, чем соседняя Венесуэла или Куба. Таким образом, Москва хочет наладить с Соединенными Штатами диалог о том, чтобы две эти державы вернулись к модели разделения зон влияния и ответственности. Путин стремится добиться полного господства России на постсоветском пространстве; он считает его частью российской зоны геополитического влияния с цивилизационной, исторической и экономической точки зрения. Следовательно, со стороны путинской России речь идет не о каких-либо субъективных политических пристрастиях, а о явном прагматизме. Дэн Кэлмик (Den Kalmyk) — кандидат экономических наук, эксперт в области экономики. Был доцентом в Оксфордском и Йельском университетах.   Материалы ИноСМИ содержат оценки исключительно зарубежных СМИ и не отражают позицию редакции ИноСМИ. Присоединяйтесь к нам в Одноклассниках, чтобы быть в теме главных событий. 	American Thinker (США): реальные интересы Путина в Латинской Америке	society	Политика, а значит Общество
https://korrespondent.net/business/financial/4160164-byrzhy-ssha-zakrylys-preymuschestvenno-v-pluise	Индекс Dow Jones вырос на 0,33% – до 27783,59 пункта. Индекс S&P 500 прибавил 0,07% – до 3093,97 пункта. NASDAQ упал на 0,05% – до 8482,1 пункта.По материалам: Корреспондент.biz 	Биржи США закрылись преимущественно в плюсе	economy	Биржевые новости - Экономика
https://rueconomics.ru/417758-raskryt-gonorar-sofii-rotaru-za-novogodnii-korporativ-v-moskve	Народная артистка СССР София Ротару подтвердила свое участие организаторам новогоднего концерта «Песня года» после отказа выступать там в прошлом году из-за ситуации на Украине. Съемки пройдут на площадке «ВТБ Арена» 7 декабря, а эфир с участием легенды отечественной эстрады покажут 1 и 2 января 2020 года на канале «Россия 1». Также 72-летняя Ротару выступит 14 декабря на фестивале «Легенды ретро FM» и еще рассматривает предложения о новогодних корпоративах в Москве. По данным «Комсомольской правды», гонорар певицы включает оплату транспортных расходов из Украины в Россию, проживание, а также сам концерт. Итоговая сумма составляет 50–60 тысяч долларов, или 3,1–3,8 млн рублей. Ранее в Сети появились публикации о том, что секрет молодости Ротару заключается в пластическом гриме. Читайте нас в Яндексе 	Раскрыт гонорар Софии Ротару за новогодний корпоратив в Москве	entertainment	Знаменитости - Культура и развлечения
https://www.f1news.ru/interview/leclerc/141153.shtml	Шарль Леклер остался недоволен собой после неудачной второй попытки в квалификации: гонщик Ferrari показал только четвёртое время, хотя рассчитывал бороться за поул. После штрафа за замену двигателя ему предстоит начинать гонку со второй половины стартового поля – Шарль признал, что в воскресенье придётся решать сложную задачу, поскольку машина Ferrari не отличается высоким гоночным темпом. Вопрос: В первой части квалификации вы выполнили три попытки?Шарль Леклер: Да, три быстрых круга, но первую сессию мы всё-таки преодолели, а вот в финале я остался очень недоволен тем, как проехал свой круг. Думаю, что первая попытка в финале была достаточно неплохой, во второй мы тоже были близки к поулу, но в последнем повороте я допустил серьёзную ошибку, которая стоила мне три или четыре десятых. Но такова жизнь! Полностью моя вина, и это должно стать мне уроком. Вопрос: Вы знали, что получите штраф в виде потери стартовых позиций, но всё-таки пытались бороться за поул? Или вашей главной задачей было добиться возможности стартовать на шинах средней жёсткости?Шарль Леклер: Думаю, мы отлично сработали во второй квалификационной сессии и прошли в финал на шинах с жёлтой маркировкой – этим я очень доволен. Но в третьей сессии, даже несмотря на штраф, я бы хотел показать более высокий результат. Вопрос: А что конкретно произошло в решающей попытке?Шарль Леклер: Я сам наделал глупостей! Однозначно, машина позволяла бороться за поул, но я не справился с задачей. В последнем повороте я проехал прямо, и на выходе из него машина оказалась на траве. Если бы не это, возможно, я бы показал лучшее время. Впрочем, это мало что меняет, поскольку я получу штраф, но если бы я взял поул, это было бы лучше для всех. Вопрос: В любом случае на вашей машине установлен новый двигатель, и у вас будет возможность прорываться вперёд, поэтому вы наверняка постараетесь финишировать поближе к подиуму, а может быть, даже подняться на него?Шарль Леклер: Очень оптимистичный прогноз, но мне нравится такой подход! Мне тоже надо бы так настроиться, хотя задача достаточно сложная, потому что пока гоночный темп оставляет желать лучшего, но я собираюсь полностью выложиться – надеюсь, это позволит добраться до подиума. В любом случае, я намерен получить удовольствие! Вопрос: Какую тактику можно попытаться применить в гонке, чтобы выполнить эту задачу?Шарль Леклер: Пока не знаю, завтра посмотрим, но понятно, что мы стартуем на шинах средней жёсткости, хотя не думаю, что это обеспечит какое-то существенное преимущество. На этой трассе разница между составами Soft и Medium в плане деградации невелика, но мы попытаемся что-нибудь придумать. Вопрос: Какой фактор вы считаете ключевым, чтобы добиться успеха на этой трассе в условиях сухой погоды, которая ожидается в воскресенье?Шарль Леклер: Однозначно, очень важен хороший темп. В Остине он был неважный, и над гоночным темпом нам ещё нужно работать, поэтому на третьей тренировке мы специально ездили с высокой топливной нагрузкой, это позволило кое-что прояснить – надеюсь, мы сможем использовать этот опыт по ходу гонки. Вопрос: Похоже, ваша машина была очень быстра на третьем секторе, хотя не особенно быстра на втором – значит ли это, что в воскресенье в вашем исполнении мы увидим много обгонов?Шарль Леклер: Если честно, в первой попытке в финале я и второй сектор проехал неплохо, это вторая попытка была неудачной. Но какие-то обгоны, надеюсь, увидите! 	Шарль Леклер: Задача на гонку довольно сложная	sports	Гонки - Спорт
https://whealth.ru/osoznannost/10-pravil-idealnykh-vykhodnykh/	В понедельник традиционно завидуете коллегам, которые за выходные умудрились не только выспаться, но еще повеселиться с друзьями, отработать технику становой тяги и провести время с детьми? Похоже, ваш диагноз – «хроническое неумение планировать досуг, отягощенное превратными представлениями об отдыхе». По крайней мере, так это называет Лора Вандеркам, специалист по тайм-менеджменту и автор книги «Что делают в выходные успешные люди». Но не торопитесь отчаиваться, все еще поправимо. Это как раз тот редкий случай, когда поможет самолечение в домашних условиях. Вот что говорит эксперт: «Если вы напряженно работаете всю неделю, два выходных дня вам абсолютно необходимы – именно они защищают вас от профессионального выгорания и проблем со здоровьем. Однако просидеть 48 часов у телевизора, отвлекаясь лишь на рейды к стиральной машине, не значит хорошо отдохнуть».	10 правил идеальных выходных	not_news	Подборка - не новость
https://www.the-village.ru/village/city/news-city/366099-novikov-v-luzhnikah	Группа компаний Аркадия Новикова получила право работать оператором питания в олимпийском комплексе «Лужники». Первые три точки общей площадью в тысячу квадратных метров откроют во Дворце водных видов спорта. На них, по оценке самого ресторатора, потребуется не менее 100 миллионов рублей. По словам Новикова, после в «Лужниках» могут появиться и другие его проекты. На первом этаже появится кофейня с выпечкой и сэндвичами со средним чеком в 200–700 рублей и ресторан на 150 гостей (поесть там можно будет за 1,5–2 тысячи), его концепцию определят позднее. В аквапарке откроется фастфуд-кафе с чеком от 300 до 500 рублей. Олимпийский комплекс «Лужники», открывшийся в 1956 году, последние пять лет находится на реконструкции. Помимо Дворца водных видов спорта, там строят теннисный центр, ледовую арену «Кристалл» и универсальный спортивный комплекс «Дружба». Источник: «Ведомости» 	Novikov Group откроет три заведения в «Лужниках»	economy	Бизнес - Экономика
https://burunen.ru/site/news?id=29950	Георгий Кушиташвили В Самаре стартовал чемпионат России по бок­су. Официальная церемония открытия состоялась в областном спорткомплексе «МТЛ-Арена». Волжский город принимает главный старт страны в четвертый раз, сообщает газета ``Бурятия``. Чемпионат очень важен в плане комплектования со­става сборной России для участия в квалификационном турнире за право поехать на Олимпиаду-2020. На ринг вышли свыше 300 боксеров из 58 регионов Рос­сии. К сожалению, наши Батор Сагалуев, Доржо Раднаев, Николай Харнахоев, Радна Цыбиков уступили в первых же боях. Надежда на медаль осталась только у Георгия Кушиташвили, выступающего в весовой категории до 81 кг. Перед стартом Георгий поделился на сайте федерации бокса РФ своими задачами на чемпионате. - После чемпионата мира в Екатеринбурге мы особо не восстановились и не отдохнули, и снова сразу в бой. Но что поделаешь - это наша работа. После неудачи на чемпи­онате мира очень переживал. Признаюсь, там я выступил плохо. Знаю свои силы, и могу выигрывать на чемпионатах мира. На чемпионате России я в лучшем состоянии, чем был в Екатеринбурге. Сейчас у меня одна задача – поехать на Олимпийские игры, а потом уже задумываться о про­фессиональном ринге, - отметил он. В Самаре наш земляк провел два боя на предваритель­ной стадии. Сначала Георгий взял верх над представителем Мурманской области Равшаном Эргашевым, затем над Са­велием Садома из Хабаровского края. Завершится чемпионат в субботу, 16 ноября. Фото с сайта федерации бокса России 	Георгий Кушиташвили представляет Бурятию на чемпионате России по боксу	sports	Бокс - Спорт
https://www.rbc.ru/rbcfreenews/5ea2d5869a7947acccb89688	Росстат представил новые данные об уровне безработицы в марте 2020 года, исследование есть у РБК. Исследование проводили в период с 16 по 22 марта 2020 года, то есть до того, как президент России объявил о нерабочем периоде. Эпидемиологическая ситуация на период проведения опроса позволила не вносить каких-либо изменений в методику и порядок его проведения. Всего в опросе приняли участие 77 тыс. человек старше 15 лет. Такие показатели, как уровень занятости и уровень безработицы в России, в марте 2020 года находятся примерно на уровне данных за март 2019 года и составляют 59,1% и 4,7% соответственно. Сопоставимо с данными за март прошлого года и соотношение числа тех, кто имеет занятие, приносящее им доход, или ищет работу, к численности населения в возрасте 15 лет и старше. Этот показатель остается на уровне 62%. «Анализ данных начиная с 2019 года показывает, средний уровень безработицы в течение последних 15 месяцев располагался в коридоре значений 4,6‒4,7%. Самое высокое значение показателя зафиксировано в январе 2019 года — 4,9%, или 3,7 млн человек, самое низкое — в августе 2019 года — 4,3%, или 3,3 млн человек», — говорится в сообщении Росстата.	Росстат представил данные об уровне безработицы в марте	economy	Экономика, не "Общество"
https://dtf.ru/games/136159-poslednee-krupnoe-obnovlenie-dlya-terraria-stanet-dostupno-16-maya-v-20-00	Буквально через несколько часов игроки получат доступ к последнему (по словам разработчиков) обновлению под название Journey's End. Новые механики, противники и более 1,000 новых предметов. Кроме того, разработчики заявили об официальной поддержке модов - tModloader (фанатский инструментарий для модов) станет бесплатным DLC в Steam. Точное время выхода обновления - 20:00 МСК. Что касается поддержки модов, не всё так гладко - tModLoader выходит под версию 1.3.5 (версия нового дополнения - 1.4.0), поэтому игрокам придётся выбирать - либо продолжать играть с модами, теперь уже официально, либо пробовать новый контент. Создатели мода начнут работу над обновлением инструментария сразу после выхода Journey's End.	Последнее крупное обновление для Terraria станет доступно 16 мая в 20:00	entertainment	Компьютерные игры - Культура и развлечения
