INPUT:url	INPUT:text	INPUT:title	GOLDEN:res
http://dynamomania.com/news/501265-igor-dulyaj-horoshie-rezultaty-i-krasivyj-futbol-sbornoj-ukrainy---ne-sluchajnost	Бывший игрок «Шахтера» Игор Дуляй поделился с Tribuna.com мнением о сборной Украины. – Ожидали увидеть Украину на первом месте в группе? – Нет. Все думали, что Португалия будет лидером, а потом уже все остальные. Но Украина сделала сумасшедшую работу. Пару дней назад давал интервью по вашей сборной. Сказал, что Андрей Шевченко провел отличную работу, а в команде прекрасная атмосфера. Это все видно на поле. Многие футболисты играют в своих командах, хорошо знают друг друга и сейчас находятся в хорошей форме. Это большой плюс. Еще надо отметить большой авторитет Шевченко. И не только в Украине, а и во все мире. Уверен, что для многих игроков сборной Украины он был кумиром. У него сумасшедший игровой опыт и он очень хороший специалист. Сейчас в сборной Украины есть хорошие результаты и красивый футбол. Это все не случайность, а следствие хорошо проделанной работы. – С чем Сербия подходит к этому матчу? – В первом матче сборная проиграла Украине 0:5. Понятно, что сейчас команда ждет ответной игры и хочет показать, что и как. – Между украинскими и сербскими болельщиками непростые отношения. Как политика может отразиться на этом матче? – Могу говорить только о футболе. Политика – это для политиков. Главное, чтобы команды порадовали своих болельщиков, – сказал Дуляй. Матч против Сербии начнется в 16.00. 	Игор ДУЛЯЙ: ``Хорошие результаты и красивый футбол сборной Украины - не случайность``	sports
http://trc33.ru/news/events/za-nedelyu-iz-za-dtp-vo-vladimirskoy-oblasti-pogibli-pyat-chelovek/	За неделю на территории Владимирской области зарегистрировано 329 аварий, повлекших материальный ущерб и 31 дорожное происшествие с пострадавшими. Погибли пять человек, 44 получили травмы, в том числе восемь детей. Зарегистрировано семь ДТП с участием пьяных водителей. Всего задержано 82 водителя, которые сели за руль в нетрезвом состоянии, либо отказались проходить медицинское освидетельствование.  Гороховецкий район 4 ноября около 14:00 на 316 километре трассы «М–7 Волга» 37-летний водитель автомобиля «Шевроле Круз» наехал на тросовое ограждение, разделяющее транспортные потоки. После этого автомобиль выбросило на встречную полосу дороги, где он столкнулся с иномаркой «Мерседес Бенц» под управлением 39-летнего водителя. В результате ДТП 32-летний и 33-летний пассажиры автомобиля «Шевроле Круз» госпитализированы, водитель и 30-летний пассажир направлены на амбулаторное лечение. Октябрьский район  5 ноября около 08:15 на 15 километре автодороги «М-7 Волга» (подъезд к городу Иваново) 73-летний водитель автомобиля «ВАЗ 2121» на перекрестке, игнорируя красный сигнал светофора, повернул налево, в результате чего произошло столкновение с автомобилем «Шевроле Нива» под управлением 48-летнего водителя. В результате ДТП водитель автомобиля «ВАЗ 2121» госпитализирован. Петушинский район 6 ноября около 20:20 на 100 километре трассы «М7-Волга» 39-летний водитель автомобиля «Скания» из-за несоблюдения дистанции движения врезался в впереди идущий «Рено Магнум». Затем по цепной реакции иномарка «догнала» автомобиль «Мерседес Бенц», двигавшийся впереди. В результате ДТП водитель автомобиля «Скания» госпитализирован, водитель автомобиля «Рено Магнум» направлен на амбулаторное лечение. Фрунзенский район 7 ноября около 17:40 во Владимире на Суздальском проспекте у дома № 26 40-летний водитель автомобиля «Ниссан», будучи пьяным, врезался в стоящий для совершения поворота налево автомобиль «Черри» под управлением 32-летнего водителя  и автомобиль «Форд», за рулем которого находился 20-летний мужчина. В результате ДТП пострадал трехлетний пассажир автомобиля «Черри». Он направлен на амбулаторное лечение. Ковровский район 8 ноября около 09:25 в Коврове на улице Челюскинцев у дома № 116 46-летний водитель автомобиля «ВАЗ 21051» при выезде на главную дорогу не предоставил преимущество в движении автомобилю «КАМАЗ», за рулем которого находился 29-летний мужчина. В результате ДТП водитель и 42-летний пассажир автомобиля «ВАЗ 21051» от полученных травм скончались на месте происшествия. Кольчугинский район 9 ноября около 02:15 на 16 километре трассы «Юрьев Польский — Кольчугино» 24-летний водитель автомобиля «Лада Калина», находившийся в состоянии алкогольного опьянения, двигаясь в сторону города Кольчугино, врезался в мотоцикл, двигавшийся впереди автомобиля. В результате ДТП 31-летний водитель мотоцикла скончался на месте происшествия. Гусь-Хрустальный район 10 ноября около 02:50 на 11 километре автодороги «Владимир — Тума — Старково» 24-летний водитель автомобиля «ВАЗ 21053», находясь в состоянии алкогольного опьянения, съехал в кювет, где врезался в дерево. От удара машина перевернулась. Водитель направлен на амбулаторное лечение. 	За неделю во Владимирской области в ДТП погибли пять человек	society
https://news-r.ru/news/moscow/383310/	Сборщик долгов заявился домой к должнику и потребовал возврата денег Москва, 12 ноября. Житель Московской области убил сборщика долгов, который пришел к нему за деньгами. По версии правоохранителей, злоумышленник вонзил ему тесак в живот и нанес тем самым смертельную рану. Подозреваемый уже задержан, с ним ведутся оперативные мероприятия. Кровавая драма произошла в подмосковной Ивантеевке. Доподлинно неизвестно, какую сумму задолжал 24-летний подозреваемый. Молодой человек был должен третьему лицу, поэтому за долгом прислали коллектора. У должника на видном месте оказался топор, он им воспользовался, когда коллектор стал настаивать на возврате средств. – Злоумышленник нанес мужчине удар в область живота, пострадавший погиб на месте происшествия. Подозреваемый по делу об убийстве задержан, – сообщают СМИ со ссылками на источник в правоохранительных органов.Ранее «Регион online» сообщал, что москвич попытался убить пенсионерку коньяком с психотропами. Злоумышленник специально добавил в крепкий напиток антипсихотик Галоперидол. Читайте нас в  News 	В Подмосковье должник убил тесаком коллектора	society
https://inforesist.org/eks-komandir-ajdara-otkryvayutsya-ugolovnye-proizvodstva-po-boevym-operacziyam-eto-diskreditacziya-vsu/	Открывая уголовные дела, касающиеся боевых действий на Донбассе, украинская власть занимается дискредитацией военнослужащих. Об этом заявил экс-нардеп и бывший командир штурмовой роты батальона «Айдар» Игорь Лапин, передает Цензор.НЕТ. По его словам, допросив несколько человек по делу о гибели россиян в бою под Луганским аэропортом в 2014 году, СБУ не объявила никому подозрений или обвинений. По его мнению, власть занята дискредитацией военных. Лапин считает, что это связано с высоким уровнем доверия населения к боевым офицерам, солдатам, к волонтерам, и падающими рейтингами власти. Допрос Лапина и его бойцов прошел вчера.  Ранее сообщалось, что ветераны АТО и ООС провели в сети масштабный флешмоб под лозунгом «Извините, что мы не сдохли» из-за скандальной инициативы главы парламентского комитета по вопросам социальной политики и защиты прав ветеранов, нардепа от «Слуги народа» Галины Третьяковой, предложившей отменить льготы для большинства бойцов, сражавшихся с оккупантами на Донбассе. 	Экс-командир «Айдара»: Открываются уголовные производства по боевым операциям, это дискредитация ВСУ	society
https://zik.ua/ru/news/2019/11/01/nashly_lekarstva_kotorie_umenshayut_rakovie_opuholy_za_6_nedel_1681243	Специалисты фармацевтической компании Amgen Research создали эксперементальные лекарства, которые способны уменьшить раковые опухоли на 67% за 6 недель. Об этом сообщает Nature. Новый экспериментальный препарат от рака носит название AMG 510, и его уже испытали на 4 больных. У половины пациентов злокачественные опухоли значительно уменьшились, а для двух членов эксперимента лекарства пока не дали результатов. Как отмечается, в случае ежедневного приема этих таблеток, ``выключается`` ген KRAS, мутационная форма которого вызывает быстрое розможення раковых клеток. Кроме этого, во время мутации онкогены могут превращать нормальные клетки в злокачественные. А препарат AMG 510 способен остановить активность этих генов. Сейчас новые лекарства были испытаны только на 4 пациентах, которые не поддавались другим видам лечения. В ходе эксперимента, у одного больного опухоль уменьшилась на 34%, а у другого – на 67%. К слову, последний пациент получал в два раза большую дозировку препарата. Напомним, недавно онколог и доктор медицинских наук Николай Жуков рассказал, как можно снизить риск возникновения онкологических заболеваний. 	Нашли лекарства, которые уменьшают раковые опухоли за 6 недель	science
https://www.f1news.ru/news/f1-141193.html	Руководитель команды McLaren Андреас Зайдль очень доволен итогами бразильской гонки, в которой Карлос Сайнс заработал первый подиум в своей карьере – и первый для команды с 2014 года. Андреас Зайдль: «Результат бразильского этапа позволил McLaren гарантировать четвёртое место в Кубке конструкторов. Это первый подиум Карлоса в Формуле 1 и первый для McLaren с 2014 года. Этот удивительный успех стал результатом напряженной работы всех наших сотрудников на трассе и на базе, отличных выступлений Карлоса и Ландо. После сложной субботы мы проснулись утром в воскресенье с ясным желанием бороться и не сдаваться. Команда великолепно отработала, реализовала смелую стратегию, отлично провела пит-стопы, оба гонщика провели блестящую гонку, оказавшись на третьем и восьмом месте после того, как машины соперников выбыли. Мы сохраняем концентрацию и продолжаем борьбу за позиции в личном зачёте. Успех в этом году вместе с подиумом в Бразилии станет для нас отличной мотивацией продолжать работу, чтобы в будущем зарабатывать подиумы для McLaren за счёт своей скорости». 	Андреас Зайдль: Четвёртое место гарантировано!	sports
https://www.bfm.ru/news/429585	Кредитная организация нарушала законодательство о противодействии отмыванию денег Банк России отозвал лицензию у дагестанского КБ «Кредитинвест» (Кизилюрт). С 15 ноября 2019 года ему запрещено осуществлять банковские операции, сообщил регулятор. «Кредитинвест» является участником системы страхования вкладов, на 1 ноября он занимал 386-е место в банковской системе РФ по величине активов. По данным ЦБ, «Кредитинвест» допускал нарушения законодательства и нормативных актов Банка России в области противодействия легализации (отмыванию) доходов, полученных преступным путем, и финансированию терроризма. Кредитная организация также представляла в уполномоченный орган неполную и недостоверную информацию, в том числе по операциям, подлежащим обязательному контролю. Кроме того, «Кредитинвест» проводил сомнительные трансграничные операции. Инспекционная проверка деятельности «Кредитинвеста» выявила многочисленные нарушения в области порядка ведения кассовых операций, а также обеспечения информационной безопасности, отмечается в сообщении регулятора. В банк назначена временная администрация, которая будет действовать до момента назначения конкурсного управляющего либо ликвидатора. Полномочия исполнительных органов кредитной организации приостановлены. 	Банк «Кредитинвест» остался без лицензии	economy
https://www.vesti.ru/doc.html?id=3210081	В Благовещенске, где накануне студент Амурского колледжа строительства и коммунального хозяйства устроил стрельбу в учебном заведении, а после совершил суицид, усилены меры безопасности. Кроме него еще один человек погиб, ранены трое. Круглосуточное дежурство должностных лиц организовано школах, колледжах и детских садах Приамурья, передает телеканал ``Россия 24``. Возбуждено три уголовных дела, в том числе по статье об убийстве двух лиц, совершенном из хулиганских побуждений. Следствие выяснило, что охрана в колледже работала без соответствующих разрешений. Власти обещают увеличить расходы на безопасность, а также проверить все школы и колледжи города на предмет наличия камер наблюдения, тревожных кнопок и металлодетекторов. По словам врачей — состояние пострадавших стабильное. Один из них находится на лечении в городской больнице, еще двое — в областной. 	После стрельбы в школах Приамурья организовано круглосуточное дежурство	society
https://tvrain.ru/news/v_moskve_zaderzhali_24_uchastnika_antifashistskogo_turnira_po_edinoborstvam-497524/	Там отмечается, что задержанных везут в «ближайшее» отделение полиции. Бывший фигурант «московского дела» Владислав Барабанов, который присутствовал на турнире, опубликовал в своем телеграм-канале видео инцидента. На нем видно, что участников турнира поставили лицом к стене со сложенными руками за головой. Также на видео слышно, что один из силовиков требует «убрать все телефоны».  Добавлено. Как сообщает ОВД-Инфо, задержанных участников турнира группами по 25 человек доставляют в отделение полиции «Сокол». Причиной задержания им назвали необходимость «проверки по базе». В настоящее время задержанных держат на улице рядом с ОВД и фотографируют у них паспорта. Позже Барабанов написал, что еще 25 человек везут отдел по Хорошевскому району. «Медиазона» со ссылкой на источник пишет, что всего задержали от 50 до 60 участников турнира.  Дополнено. Практические всех задержанных, которых было не менее 80, отпустили из отделов полиции, пишет ОВД-Инфо. С ними провели беседу и потребовали заполнить анкеты с указанием адреса проживания, места работы или учебы, а также национальности, цвета глаз и других личных данных. От некоторых потребовали паспортные данные и отпечатки пальцев.  Не бойся быть свободным. Оформи донейт. 	В Москве задержали около 80 участников антифашистского турнира по единоборствам	society
https://3dtoday.ru/we-print/perekur-v-masterskoy	Вот и сама миниатюра. Масштаб 1:8 Фотополимер Anycubic Высота слоя 35мк 	Перекур в мастерской	not_news
https://www.penza-press.ru/lenta-novostey/151380/v-penzenskij-fond-podderzhki-predprinimatelstva-obratilis-pochti-2000-chelovek	Министр экономики Пензенской области Сергей Капралов рассказал о работе Фонда поддержки предпринимательства, который был создан по инициативе губернатора Ивана Белозерцева. В фонд можно обратиться за консультацией, чтобы зарегистрировать ИП или юрлицо, получить финансовую поддержку или с предложением продукции на экспорт. На данный момент его клиентами стали почти 2000 человек. Популярностью среди бизнесменов пользуется льготный продукт «8,5%``, который предлагают ведущие банки на территории региона. В 2019 году сумма выданных компаниям кредитов уже перевалила за 4 млрд рублей. «Изначально данным льготным продуктом могли воспользоваться субъекты малого и среднего бизнеса реализующие проекты в таких приоритетных областях, как сельское хозяйство, обрабатывающее производство, строительная отрасль. В настоящее время перечень расширен и включает в себя такие сферы, как медицина, культура, туризм, спорт, наука и бытовые услуги», — объяснили в пресс-службе регионального министерства экономики. Льготное финансирование становится доступно для малого и среднего бизнеса благодаря ориентированному на него национальному проекту, который был инициирован президентом России. До 2024 года по этой линии регион получит более 2 млрд рублей. В 2019-м области выделяли 612,3 млн рублей. «В текущем году микрофинансовая гарантийная компания «Поручитель» докапитализирована на 357 млн рублей, что позволило расширить линейку финансовых продуктов для таких категорий, как экспортно-ориентированные предприятия, женское и молодежное предпринимательство, а также для начинающих собственное дело. Компания «Поручитель» сегодня предлагает ставки по микрозаймам до 6,5%``, — заявил Сергей Капралов. 	В пензенский Фонд поддержки предпринимательства обратились почти 2000 человек	economy
https://info24.ru/news/glava-rajona-v-pskovskoj-oblasti-uvolilsya-iz-za-maternogo-video-s-gaishnikami.html	Глава администрации Печорского района Псковской области Дмитрий Сопотов вынужден был сложить полномочия руководителя муниципального образования из-за распространенной в соцсетях видеозаписи, на которой он обматерил полицейских. Кроме того, Сопотов добровольно отказался от выполнения обязанностей секретаря местного отделения партии «Единая Россия», членом которой является. Скандальный ролик с участием Сопотова псковские СМИ опубликовали 13 ноября, хотя события, запечатленные на видео, произошли еще в мае. На видео глава Печорского района общался с сотрудниками правоохранительных органов на повышенных тонах и с использованием нецензурной лексики, защищая водителя, которого остановили гаишники, — директора МП «Благоустройство» Георгия Осипова. Чиновник в непечатных выражениях и с оскорблениями объяснял представителям ГИБДД, что они с Осиповым вместе выпили «четыре стопки виски» за победу Печорского района в грантовом конкурсе на сумму 54 млн рублей. «Ни в одном районе такого нету. Ну и... сидите и <занимайтесь оральным сексом>... Ездите теперь и оглядывайтесь сзади. Что я не знаю, как ездят тут пьяные, в том числе ваши... Что он там не доехал — 30 метров. Че, мне позвонить нельзя было?!» – возмущался действиями сотрудников ГИБДД глава района. Один из гаишников в ответ заявил Сопотову: «Вы перебарщиваете. Если вы высокий человек, это еще не значит, что вы должны кого-то посылать». – А ты кто такой? – спросил Сопотов. – Я гражданин Российской Федерации, – ответил полицейский. – Меня выбрали, а тебя никто не выбрал. Ты шестерка. Ну что ты сделаешь?! – Вы такой же человек, как все другие. Вы не имеете права со мной так разговаривать. – Я не имею права, а ты ничего не сделаешь, – сказал глава района. Когда видеозапись стала достоянием общественности, Сопотов публично извинился за свое поведение. «Я искренне сожалею о произошедшем. Приношу свои извинения сотрудникам полиции и жителям Печорского района. По этическим основаниям считаю невозможным продолжать далее свою работу на посту главы района и в качестве секретаря местного отделения партии», — цитирует заявление уволившегося чиновника пресс-служба областной администрации. УМВД РФ по Псковской области начало проверку в связи с инцидентом, запечатленным на видео. Соответствующее поручение подчиненным дал глава управления Алексей Овсянников. Кроме того, в отношении Сопотова была начата служебная проверка, о которой сообщил губернатор Псковской области Михаил Ведерников. 	Глава района в Псковской области уволился из-за матерного видео с гаишниками	society
https://www.pravda.ru/news/society/1452613-Ekaterina_Engalycheva/	При помощи размещенных в Сети баз данных можно найти практически любую информацию о финансовом положении и собственности человека. Особый интерес представляют люди, наделенные властью, ведь к ним приковано пристальное внимание со стороны общественности. Так сотрудники Фонда борьбы с коррупцией делают свои громкие расследования. Они изымают нужную информацию из баз данных и сервисов для проверки контрагентов, обобщают ее и предают огласке. ``Героями`` расследований ФБК становятся силовики, чиновники и близкие к власти предприниматели. Однако и некоторые разоблачители, и ревнители общественной нравственности не кристально честны и живут на одну зарплату. Мы расскажем вам о представителе КПРФ в Мосгордуме Екатерине Енгалычевой. Она громче всех кричит о своей безупречной репутации и ратует за то, что территорию Москвы нужно уберечь от застройки. К слову, в парламент столицы она прошла благодаря проекту ФБК ``Умное голосование``. Но так ли чиста на руку Екатерина Енгалычева, как она везде говорит. Некоторое время назад парламентарий заявила, что готовится кампания с целью очернить ее репутацию. Дискредитация якобы связана с ее принципиальной позицией по отстаиванию прав москвичей. Впрочем, информация о некоторых сторонах жизни Екатерины Енгалычевой действительно стала появляться в некоторых СМИ. Авторы Telegram-канала ``Архитектура власти`` рассказали, что депутат сожительствовала с предпринимателем Сергеем Скуратовым. А после его смерти попыталась взять под контроль его турфирму. Информагентство RuNews24 пишет, что расходы Екатерины Енгалычевой значительно превышают задекларированные доходы. Помимо этого, она замечена в совершении сомнительных финансовых операций. Женщина то меняет рубли на доллары, то обналичивает крупные суммы, то оформляет куплю-продажу объектов недвижимости. Журналистка Леся Рябцева сообщила в своем Telegram-канале, что в 2017 году политик пренебрегла правами своей сотрудницы на получение декретного пособия. За это ее привлекли к административной ответственности. Однако коммунистка за два года так и не соизволила выплатить штраф. Учитывая общественную значимость работы парламентария, интересует степень достоверности изложенной информации. Так, на портале Мосгорсуда имеется информация о рассмотрении иска Екатерины Енгалычевой к родителям и дочке Сергея Скуратова. Она попыталась завладеть частью имущества умершего гражданского супруга, ``подвинув`` законных наследников. Истец отмечала, что несколько квартир и автомобиль были куплены Сергеем Скуратовым и на ее деньги. Еще она намеревалась стать соучредителем его ООО ``Туристическая компания ``Страна Туризма````. После того, как суд отказал Екатерине Енгалычевой в удовлетворении исковых требований, она решила пойти другим путем. По данным сервиса проверки контрагентов Rusprofile, Сергей Скуратов был соучредителем и генеральным директором ООО ``Туристическая компания ``Страна Туризма````. Фирма могла ``покатать`` всех желающих на военной технике. В 2016 году руководителем предприятия стала некая Юлия Афросина. В это же время Екатерина Енгалычева учреждает ООО ТК ``Страна космического туризма``. Компания оказывает схожие услуги. При этом гендиректором значится та самая Юлия Афросина, руководившая раньше фирмой покойного Сергея Скуратова. Это можно расценить как попытку депутата перетянуть на себя чужой бизнес. Мы разобрались и по поводу данных о невыплате декретного пособия сотруднице и штрафе за это. ФССП сообщает, что в 2017 году Екатерина Енгалычева была привлечена к административной ответственности и оштрафована на шесть тысяч рублей. За два года нарушительница штраф так и не заплатила. 	Депутат Мосгордумы отжала бизнес у покойного сожителя	society
https://www.cosmo.ru/sex-love/he_and_you/30-melochey-kotorye-portyat-vpechatlenie-o-muzhchine/	«Чо», «Ваще» и, не приведи Мироздание, «Блин блинский!» — это сразу нет, разумеется. Мы, барышни, произносим примерно 23 000 слов в сутки. Мужчины — всего 1200. Можно не засорять этот скудный эфир, а? Мальчик, который носит в кармане гигиеническую помаду — это, на самом деле, хороший мальчик. Мальчик, который ходит на маникюр — тоже прекрасен. Потому что мало вычистить траурную грязь из-под ногтей, мало оторвать и съесть обветренную кожу с губ. Торчащие заусенцы и трещины на губах — это же фу. Они же этими самыми руками и губами собираются… Ой, все. Запомните, мальчики: светлые лики Микки-Мауса и магистра Йоды, надписи про джентльменов и баяны, а также популярные мемы могут носить на себе только большие дяди. Очень большие дяди. 110 килограммов литых мышц как минимум! Субтильные принцы такое носить не должны. А то сразу хочется спросить: «Мальчик, а где твоя сменка?» Галстуки носят или чиновники, или мелкие клерки. И тех, и других никто не любит. Но если чиновник в принципе никому не может понравиться, то мелкий клерк еще может доказать, что в душе-то он настоящий Тайлер Дерден. Но для этого надо срывать с себя позорную удавку ровно в 18:00, ясно? Без шансов вообще. А вот моя мама говорила, что мальчики, которые говорят «А вот моя мама…» — это страшно. И надо бежать. Бедность — не порок, а большое несчастье. Особенно когда ее пытаются скрыть вот таким способом. «Ты с какова раёна такой дерзкий? Семки есть? А если найду?!» Давай рассуждать логически: если он положил диск Лепса в машину на видное место, значит, он этого не стесняется. Тогда что, спрашивается, он прячет подальше от девушек? «Сектор газа»?! Стаса Михайлова?! Юрия, не к ночи будь помянут, Лозу?! Вау! В твоей жизни был день, когда ты в самом деле держал в руках настоящие 60 тысяч рублей? Ну ты крутой! Ну, если он, конечно, не Джонни Депп. Ладно, если он не выглядит так, как будто он почти Джонни Депп. Джонни Деппам и не такое простительно. Ээээ. Ваше Святейшество? Пионер, торжественно возлагающий цветы к памятнику. К памятнику, под которым похоронены его надежды на удачное свидание. Или даже солидная лысина, стыдливо прикрытая зачесанными на нее волосами. Лысеешь? Обрейся наголо сразу. Потому что лысина, прикрытая волосами, выглядит как транспарант с надписью «Меня зовут Вася, я младший бухгалтер, у меня эректильная дисфункция и строгая мама». С другой стороны — ну спасибо, что сразу предупредил. Очень ностальгическая штука, между прочим. Сразу вспоминается, как тебя, малышку, качал на руках папа. Или вот добрый дядя милиционер вспоминается: тот самый, который приходил в школу и рассказывал о том, как нужно правильно переходить дорогу. И кино еще. С молодым Боярским. Он в такой рубашке ходил туда-сюда в телевизоре, а ты сосредоточенно за ним наблюдала, сидя на горшке. Воспоминания прекрасные, конечно, но не то чтобы самые романтичные, да? «Они не могут кричать, они давным-давно покойники!» Да-да, смиритесь. И Элвис, и Майкл. А ты, кстати, вообще не Элвис и не Майкл, чтоб ты знал. Все мальчики мечтают стать супергероями, когда вырастут. Но если мальчик гладит джинсы — он все еще мечтает стать Вассерманом, это к гадалке не ходи. Это значит, что других подвигов нет, не было и не будет. Какая жалость. Из которого торчат волосы. «Смотри, детка, я мачо, я настоящий самец!» Нам в таких случаях очень хочется достать из сумочки пинцет и тихонечко выдернуть пару самых длинных волосин. Кто заверещал — тот не джигит, все просто. Нет ни одной причины сидеть, раздвинув ноги в стороны. Хотя одна имеется: если у парня между ног стоит гнездо, полное хрупких новорожденных котят — то пусть раздвигает как может, конечно. Во всех остальных случаях хочется задать ему несколько вопросов. Например, таких: «Проветриваешь? Чешется? Опухли? Болеешь, наверное?» На пузике. На таком уютном, знаешь, пухлом пузике. Или на могучем и твердом пивном «комке нервов». Ты или ремень вниз опусти, или пузо свое обратно сдуй как-нибудь. Одно из двух. Мальчик, а ты точно гетеросексуал? Мужчинам не понять, поэтому мы расшифровываем: стойкие ароматы не продаются в парфюмерных магазинах. И в переходах метро не продаются. И даже на стихийных рынках их не найти. По‑настоящему стойкий аромат можно найти только в серванте у дедушки, наверное. Во всяком случае, редакция Cosmo совершила рейд по самым злачным местам, но так и не нашла то страшное место, в котором парням выдают этот вонючий «Шипр». Или как его там, одеколон «Саша»? см. график Изыди, хипстота! Вот сидит перед тобой юное чудо — цыплячья шейка, ручки-веточки, хилая бороденка и кадык, об который порезаться можно, а все туда же: черепа, джокеры, биомеханика и олдскул. Хочешь быть Мачете, мальчик? Да ты хоть до Джигурды дорасти сперва, а? Жалкое, душераздирающее зрелище. Кошмар ©  Есть только два слова, которые ни в коем случае нельзя произносить при барышнях. Но «абырвалг» уже сказали до него, так что остаются только «сиськи». Трудно запомнить, что ли? Вот вроде все хорошо, парень ухаживает и делает все, что надо: руку подаст, стул подвинет, поможет надеть пальто. Но что ж он суетится-то, как наседка? Того и гляди, забросает тебя крепко унавоженной соломой. Чтоб не продуло, ага. А вот теперь серьезно. Шуточки типа «баба за рулем — как обезьяна с гранатой», анекдоты про тупых блондинок и про Анку, которая «еще бы корыто с собой взяла» — это повод немедленно встать и уйти. А еще лучше — оформить свой уход максимально эффектно: выливать пиво ему на голову совершенно необязательно, а вот сжечь мерзавца глаголом не помешает. В конце концов, рано или поздно он позовет на свидание какую-нибудь другую барышню. Позаботься о своей подруге по несчастью, ладно? Увлекательно…Было бы интересно еще почитать, присылайте на почту. ОК Я соглашаюсь с правилами сайта Спасибо. Мы отправили на ваш email письмо с подтверждением. 	30 мелочей, которые портят впечатление о мужчине	not_news
https://graziamagazine.ru/news/irinu-sheyk-v-ushkah-mikki-mausa-i-prozrachnoy-kofte-zametili-v-nyu-yorke/	33-летняя Ирина Шейк попала в объективы папарацци в Нью-Йорке. Модель спешила на вечеринку-маскарад по случаю Хэллоуина. Бывшая возлюбленная Брэдли Купера выбрала соблазнительный образ возлюбленной Микки Мауса, персонажа Минни Маус. На Ирине был черный лонгслив из прозрачной ткани, под который она надела бра в тон, а также алая мини-юбка в горошек — платье с таким принтом носит прототип образа модели. Сверху Шейк накинула темный плащ Burberry. Образ дополнили ушки Минни с бантиком, капроновые колготки с рисунком, сумочка в тон юбке и элегантные туфли. Вместо яркого макияжа Ирина сделала очаровательный грим с маленьким носиком и ушками как у мышки. Однако королевой сексуальных образов на Хэллоуин в этом году стала Кайли Дженнер. Знаменитость перевоплотилась в русалочку Ариэль и кинодиву Мэрилин Монро. А ее сестра, Ким Кардашьян, решила стать самым гламурным адвокатом Эль Вудс из фильма «Блондинка в законе». 	Ирину Шейк в ушках Микки Мауса и прозрачной кофте заметили в Нью-Йорке	entertainment
https://www.mos.ru/news/item/65216073/	В городском трамвайном парке уже более 300 вагонов нового поколения «Витязь-Москва». Все, что нужно знать об этой модели, — в материале mos.ru. Трамваи заходят в цех технического обслуживания депо имени Н.Э. Баумана с интервалом в несколько минут. Ежедневно каждый трамвай совершает здесь три короткие остановки: под полосами рельсового пути устроены смотровые канавы и приямки, в которых рабочие осматривают оборудование вагонов. 80 лет назад в этом депо, называвшемся тогда Ростокинским, обслуживали первые в Москве трамвайные вагоны М-38. После войны на маршрутах депо началась эксплуатация первых трамваев МТВ-82, а в начале 1960-х здесь осваивали эксплуатацию знаменитой модели «Татра Т3». В марте 2017 года из депо имени Н.Э. Баумана на маршрут № 17 впервые вышел новейший трамвай серии «Витязь-Москва». Это самый популярный в городе маршрут: в среднем за сутки трамваи № 17 перевозят около 65 тысяч пассажиров. От станции метро «Медведково» на них можно доехать до станции Московского центрального кольца Ростокино и платформы Северянин, парка «Акведук», ВДНХ и Останкинского пруда. На сегодняшний день депо имени Н.Э. Баумана, обслуживающее шесть маршрутов, полностью укомплектовано трамваями «Витязь-Москва» — как и Октябрьское трамвайное депо. Кроме того, с 2019 года «Витязи» поступают в депо имени И.В. Русакова. Трамваи этой модели выходят на 15 городских маршрутов и еженедельно перевозят более 2,1 миллиона пассажиров. Трамваи серии «Витязь» делают на Тверском вагоностроительном заводе. Это первые полностью низкопольные трамваи, сделанные в России. В основе решения — уникальная конструкция поворотной тележки. Так называется основной элемент ходовой части вагона — здесь установлены электромотор, подвеска и устройство торможения, на раму тележки опирается кузов вагона, а колесные пары удерживают его на рельсах. Пол в «Витязях» низкий по всей длине вагона. Это удобно для маломобильных граждан, пожилых людей, пассажиров с детскими колясками. Кроме того, благодаря эластичной конструкции поворотных тележек снижается как воздействие на рельсы, так и внешний шум — трамваи «Витязь-Москва» передвигаются по городу значительно тише, чем модели предыдущего поколения, — на 25–30 процентов. Длина шестидверных трехсекционных вагонов составляет 27,5 метра, а ширина — 2,5 метра. В них установлено до 64 пассажирских сидений — в зависимости от модификации. Всего салон «Витязя» вмещает до 260 пассажиров. А в вагонах следующего поколения, которые вскоре поступят в московские депо, установят еще 10 дополнительных сидений. Двери в вагонах открываются по требованию — при нажатии пассажиром подсвеченной кнопки. Проемы оснащены тепловыми завесами, предназначенными для сохранения в вагоне комфортной температуры в холодную погоду. Также в новых трамваях работают камеры видеонаблюдения и система спутниковой навигации. В пути пассажиры могут зарядить мобильные устройства — для этого в салонах есть USB-разъемы. В вагонах следующего поколения предусмотрены и разъемы формата USB Type-C, а снаружи появятся видеопанели — на них будет отображаться маршрут следования трамвая. Жизненный цикл новых трамваев составляет 30 лет. Сервисное обслуживание и ремонт вагонов, согласно контракту, производитель осуществляет на протяжении всего этого срока. Так компания-перевозчик может сосредоточиться на обеспечении качественных перевозок горожан, а подвижной состав максимально эффективно используется на маршрутах. Как проходит ежедневный осмотр трамвая? Первое, что делает работник цеха, когда трамвай заходит в депо, — регистрирует вагон в бортовом журнале. В нем фиксируется километраж и — при наличии — заявки от водителей на ремонт. Затем начинается проверка оборудования. Рабочие заполняют емкости, предназначенные для подачи песка под движущие колесные пары. Это необходимо, чтобы вагон не буксовал: песок улучшает сцепление колес с рельсами. Называется система подачи песка просто — песочница. После этого вагоны ждет влажная уборка: в салонах протирают поручни и сиденья, моют полы. На следующей «остановке» трамвай сверху донизу осматривают слесари: поднимаясь на специальные лестницы, проверяют целостность токоприемника, а спускаясь в смотровые канавы — состояние колесных пар. Осмотр одного трамвая в среднем занимает 20 минут. В парке депо имени Н.Э. Баумана насчитывается 125 трамваев «Витязь-Москва». Площадь депо составляет 68,6 тысячи квадратных метров. Здесь работают более 500 человек, из них 360 — водители трамвая. Ремонтные зоны депо не раз реконструировали: новые поколения трамваев требовали нового оборудования и усовершенствования стандартов обслуживания. В 1960-е, с началом эксплуатации вагонов «Татра Т3», здесь были оборудованы новые цеха и участки. Реорганизованные с учетом особенностей конструкции трамваев «Витязь-Москва», они используются и сейчас. В ближайшем будущем депо ждет масштабная реконструкция. На его территории уложат дополнительные трамвайные пути, создав еще 40 мест для размещения трамваев «Витязь-Москва». Кроме того, модернизируют инженерные сети, моечно-уборочный и производственный комплексы. Работы планируется завершить в 2023 году. Трамвайная сеть Москвы — это 418 километров рельсовых путей. На 45 городских маршрутах работают более 600 вагонов. Ежедневно ими пользуются свыше 650 тысяч человек. Трамвай — самый экологичный и безопасный вид городского транспорта. А среди наземного транспорта еще и самый эффективный: в среднем за час трамвай перевозит почти в три раза больше пассажиров, чем автобус или электробус. Комплексная программа возрождения трамвайного движения в городе, разработанная Правительством Москвы, направлена на полное обновление подвижного состава московского трамвая, капитальный ремонт путей и строительство новых линий. С 2010 года в Москве реконструировали более 220 километров трамвайных путей — больше половины от общей протяженности трамвайных маршрутов в городе. Технологии, использующиеся в ходе работ, помогают уменьшить уровень шума при движении вагонов. Помимо этого, трамвайные пути обособляют, чтобы на них не могли въезжать автомобили. В результате на 60 процентов снизилось количество ДТП с участием трамваев и в 10 раз сократилось число задержек трамваев из-за пробок, вызванных авариями на трамвайных путях. Благодаря этому скорость движения трамваев повысилась в среднем на 20 процентов. 	Депо, вид изнутри: как заботятся о «Витязях» и зачем им песочницы	technology
https://the-flow.ru/videos/sharlot-v-krovat-tebya-hochu	Шарлот выпустил клип на трек ``В кровать тебя хочу`` — это привычный для него акустический трек о юности и отношениях. Шарлот — это настоящая фамилия 22-летнего музыканта из Самары, чей дебютный альбом выпустили Sony. Шарлот играл в местных группах, ездил на шоу ``Песни`` — и то, и другое без зримого успеха. Внимание к своим сольным трекам он привлек каверами. Он рассказывал в интервью, как после одного из них с ним связывалась группа Amatory, а другой перепостил Кирилл Бледный, вызвав вал новых подписок. Дебютный альбом ``Навечно молодым`` вышел в сентябре: чарты он не разорвал, но отправил артиста на программу к Урганту. Очень похоже, что к следующему лету мы будем слушать Шарлот на фестивалях Москвы — и не только Москвы. В тему: Шарлот ``Навечно молодой`` Проверяем инди-сцену на искренность 	Шарлот выпустил клип ``В кровать тебя хочу``	entertainment
https://www.searchengines.ru/aliexpress-rossiya-11-11.html	Россияне в рамках китайского Дня холостяка — 11 и 12 ноября — потратили на AliExpress рекордные 17,2 млрд рублей. Как говорится в сообщении AliExpress Россия, за два дня 5 млн россиян совершили более 30 млн покупок на площадках компании. AliExpress впервые раскрыл данные по продажам в России: Также впервые более 15% оборота AliExpress в России во время распродажи пришлось на российских продавцов. Доля увеличилась в 17 раз по сравнению с прошлым годом, отметили в компании. Крупнейшие на AliExpress результаты продаж показал магазин из России: его оборот за два дня превысил 500 млн рублей. Самым популярным товаром стал телефон iPhone XR, также в топ-3 вошли робот-пылесос и 50-дюймовый телевизор. Напомним, что в Китае продажи в честь Дня холостяка также прошли в рекордных объемах. Объем продаж Alibaba Group менее чем за сутки от начала акции перевалил за $30 млрд.  Всего в распродаже AliExpress в России приняли участие более 150 тыс. продавцов из разных стран мира. 	AliExpress в День холостяка продала россиянам товары на 17,2 млрд рублей	economy
https://www.medikforum.ru/zoj/85028-5-udarov-po-zdorovyu-kotorye-nanosit-eda-po-nocham.html	Еда во внеурочные часы может нанести серьезный вред организму. Потребление пищи по ночам легко вызывает привыкание, может трансформироваться в расстройство пищевого поведения, известное как «синдром ночной еды», способствовать лишнему весу и другим проблемам со здоровьем.Медики и ученые рекомендуется потреблять основную часть калорий в дневное время, когда наш организм более активен, и мы можем сжигать больше жира для выработки энергии. Люди, которые легко позволяют себе есть по ночам, должны знать о вредных последствиях своей привычки для здоровья, считают эксперты.Нарушения сна. Потребление пищи в позднее время суток, когда организм по идее должен спать, снижает в нем выработка мелатонина, гормона, обеспечивающего нам быстроту засыпания, продолжительность и качество сна. Люди, которые едят поздно ночью, также склонны позже начинать свой день, что со временем может привести к нарушению естественных биоритмов, с которым в свою очередь связано развитие многих неблагоприятных для здоровья процессов.Проблемы с пищеварением. Ночные ужины часто связаны с желудочными недомоганиями, вызванными плохо переваренной пищей. Кроме того, тем, кто наедается на ночь, хорошо знакома проблема кислотного рефлюкса, при котором желудочный сок и его кислота попадают в пищевод и повреждают его слизистые.Нездоровое увеличение веса. Регулярные ночные приемы пищи сбивают привычный для организма график питания. Исследования показывают, что люди, которые едят непосредственно перед сном, утром чаще отказываются от завтрака, а днем вместо полноценного обеда обходятся лишь незначительным перекусом. Самый сильный аппетит они ощущают поздно вечером, и именно на это время суток приходится основной прием калорий. При этом калорийность их ужинов оказывается значительно более высокой, чем у людей, которые завтракают и ужинают в светлое время дня.Повышенное кровяное давление. Согласно имеющимся данным, еда по ночам ассоциируется с повышенным кровяным давление или гипертонией  и более высоким уровнем сахара в крови натощак. Исследование кардиологов из Колумбийского университета Vagelos College of Physicians and Surgeons свидетельствует: у людей, принимающих пищу по ночам, гипертония развиается на 23% чаще по сравнению с теми, кто ест в более раннее время.Диабет. В статье, опубликованной в журнале Experimental Physiology, ученые констатируют: еда по ночам - это грубое нарушение циркадного ритма, болезненно воспринимаемое организмом и приводящее к серьезным метаболическим последствиям, в частности, к развитию диабета.Ранее МедикФорум писал о том, что представляет собой синдром ночной еды. 	5 ударов по здоровью, которые наносит еда по ночам	not_news
https://car.ru/news/automobili/57549-toyota-podvinsya-great-wall-predstavila-dvigatel-na-toplivnyih-eielementah-tretego-pokoleniya/	Нет сомнения, что Toyota выпускает самые популярные автомобили на водородном двигателе. И это - это Mirai. Однако первая генерация машины уже заканчивает свою эпопею. Японский автопроизводитель уже рассказал о Mirai новой генерации. Автомобиль начнут выпускать уже ноябре 2020 года. Но и Китай не дремлет. Вместе с Toyota Мirai нового поколения начнут появляться и её конкуренты из Поднебесной.   К сейчас в КНР проводятся масштабные работы над водородными моторами. Этим, например, может похвастаться Great Wall. Двигатель 3-го поколения Beyond-300E курировал филиал китайского автогиганта - Motors Shangran Power. Характерно, что это силовая установка полностью создана на комплектующих из Китая. Если мощность силовой установки на топливных элементах 1-го поколения - 40 кВт, а второго - 55 кВт, то надо отметить, что мотор Beyond-300E серьёзно выделяется, ведь его мощность уже сотня кВт. А это уже близко к двигателю актуальной Miari, мощность которой 113 кВт. Примечательно, что конкурент на 10% экономичнее предыдущих, а цена комплектующих меньше почти на треть. Массовый выпуск мотора и автомобилей с этими двигателями стартуют также в конце 2020 года. Очень интересно, что Beyond-300E не будет ограничиваться лишь легковушками. Например, его будут ставить в пикапы Great Wall, микроавтобусы и даже в легкие коммерческие грузовики. 	Toyota, подвинься. Great Wall представила двигатель на топливных элементах третьего поколения	technology
https://omskzdes.ru/society/66274.html	В ноябре и декабре на экране одного из кинотеатров города состоятся показы мировых оперных и балетных постановок.   Проект OperaHD запускает в Омске серию трансляций мировых оперных и балетных постановок. Сезон откроется 20 ноября в киноцентре ``Галактика``. В этот день состоится показ ``Травиаты`` из Парижской оперы в постановке Саймона Стоуна (12+) Как говорится в анонсе на сайте проекта Саймон Стоун любит интерпретировать известные произведения оперного репертуара, рассматривая их в более интимном ключе. Это будет долгожданный дебют одного из наиболее известных театральных режиссёров современности. Совместная постановка с Венской государственной оперой. Трансляция в Омске будет вестись на итальянском языке с русскими субтитрами. В декабре в ``Галактике`` состоится еще два показа: 4 декабря ``Дон Жуан`` (12+) Моцарта из Королевской оперы в Лондоне. В этой постановке Каспера Хольтена особую роль играет видеопроекция - за ее жизнью хочется наблюдать не менее вовлеченно, чем за драматичными перипетиями в сюжете. Это совместная постановка с Оперой Израиля, Большим театром Лисеу, Барселона и Гранд-Оперой Хьюстона. 28 декабря - сказочно-рождественский ``Щелкунчик`` (6+) в исполнении артистов Королевского балета. В постановке Питера Райта. Премьерная постановка в 1984 году получила восторженные отзывы критиков и заслуженно стала исключительным образцом актерского и хореографического мастерства. Фото: официальный сайт http://www.operahd.ru/  	В Омске на большом экране покажут ``Травиату`` из Парижской оперы	entertainment
https://zik.ua/ru/news/2019/11/05/v_yaponyy_sozdaly_avtomobyl_yz_drevesyni_1683819	Японские инженеры создали необычный суперавтомобиль из материалов растительного происхождения, который получил название Nano Cellulose Vehiе. Об этом сообщает ACC. Как отмечается, автомобиль был создан из нового материала с использованием наноцеллюлозних волокон и отходов сельскохозяйственного производства и дерева. В частности, этот материал считают легче и прочнее стали. В связи с этим вес этого автомобиля почти в два раза меньше, чем среднестатистическое авто. К слову, разработчики спорткара отмечают, что Nano Cellulose Vehicle – это лишь опытный образец, при создании которого волокна применялись в кузовных панелях и части силовой структуры. Информацию о том, какая силовая установка в новинке, инженеры пока не сообщают. Напомним, на прошлой неделе житель Японии шокировал социальную сеть, создав камень для кольца из собственных ногтей. 	В Японии создали автомобиль из древесины	technology
https://rtown.ru/science/6059-narkomanov-uchenye-nauchilis-opredeljat-po-otpechatku-palca.html	Работающая в Университете Суррея команда ученых смогла разработать новую систему, благодаря которой можно определить наличие героина по отпечатку пальца человека. В процессе работы над новой системой исследователи брали образцы отпечатков пальцев тех людей-наркоманов, кто обратился за помощью в специализированные реабилитационные центры чтобы побороть свою наркотическую зависимость. Также брались отпечатки у людей, которые не употребляли наркотических средств, чтобы ученые могли видеть разницу. В конечном результате оказалось, что после контакта человека с наркотиками, в порах его пальцев остаются мельчайшие частички этих веществ, определять которые научились ученые. Примечательно, что даже тщательное мытье рук не способно убрать с поверхности кожи эти микрочастицы наркотиков.	Наркоманов ученые научились определять по отпечатку пальца	science
https://bk55.ru/news/article/160095/	Было достаточно одного вопроса, чтобы разбогатеть. Стало известно, что на последнем выпуске интеллектуальной передачи клуба «Что? Где? Когда?» омичка Любовь Бузина в прямом эфире очень удачно задала вопрос знатокам. В тот момент игра шла при счёте 3:3, было время «блица». Одному игроку нужно было ответить за минуту на три вопроса (даётся 20 секунд на одну проблему). При этом ведущий сделал ошибку в имени жительницы Омска — сперва он назвал её Ольгой. Любовь Бузина задавала свой первый вопрос Антону Иокову. Вопрос был такой: «Когда была выпущена вот эта новогодняя открытка?». В этот момент знатоку была вынесена открытка. По окончании положенного на размышления времени Иоков ответил: «От безысходности мне придётся дать ответ — 1980 год». Однако он дал неверный ответ. Ведущий интеллектуальной игры прокомментировал: «Посмотрите на открытку. На ней не понятно где верх, а где низ. Как ни поверни! Надо было её повертеть!» Второй раз Борис Крюк реабилитировался, назвав победительницу выигрыша Любовью. Омичка выиграла 80 тысяч рублей. Важно сказать, что этот выпуск в Омске смогут посмотреть 16 ноября. Юлия Гриценко 	Омичка выиграла у знатоков клуба «Что? Где? Когда?» 80 тысяч рублей	entertainment
https://allhockey.ru/news/show/369825-Nichushkin_ustanovil_lichnyj_rekord_za_Kolorado	``Виннипег`` на своем льду уступил ``Колорадо`` в матче регулярного чемпионата НХЛ (0:4). ``Эвеланш`` одержал третью победу кряду.Российский нападающий гостей Валерий Ничушкин провёл на площадке 15 минут и 31 секунду, завершив встречу с показателем полезности ``+1``. Игрок продлил безголевую серию в НХЛ до 87 матчей. При этом игровое время Ничушкина стало рекордным для игрока в матче за ``Колорадо``. Российский форвард впервые провёл больше 15 минут за матч в нынешнем сезоне.В сезоне-2019/20 на счету воспитанника челябинского хоккея 1 (0+1) очко в 14 матчах регулярного чемпионата при полезности ``+3``.   Подписывайтесь на канал AllHockey в Яндекс.Дзене Источник: AllHockey.Ru 	Ничушкин установил личный рекорд за ``Колорадо``	sports
https://www.fontanka.ru/2019/11/11/106/	Заражение сотрудников центрального офиса «Ленты» в Петербурге стало уголовным делом об оказании услуг, не отвечающих требованиям безопасности. Об этом 11 ноября сообщает пресс-служба городского СК. По материалам дела, руководство ООО «Лента» на Савушкина, 112, плохо организовало питание своих подчинённых. В результате с 3 по 5 ноября 92 сотрудника обратились за медпомощью с острой кишечной инфекцией. Часть из них до сих пор лежит в стационаре. Ранее объединённая пресс-служба судов Петербурга сообщила, что Приморский районный суд вынес постановление о привлечении ООО «Лента» к административной ответственности и на 37 суток приостановил деятельность столовой. Пищеблок прекратил работать после инспекции Роспотребнадзора, сотрудники которого обменяли 200 кг подозрительных продуктов на протокол по статье 6.6. КоАП РФ. С учётом этого перерыва деятельность столовой возобновится 10 декабря. В Роспотребнадзоре тем временем подвели итог по лабораторным исследованиям анализов заболевших. Сотрудников «Ленты» скосила дизентерия. 	Эпопея с дизентерией у сотрудников центральной «Ленты» стала уголовным делом	society
https://utro.ru/showbiz/2019/11/15/1425003.shtml	прочитано 3454 раза Рита Дакота удивила поклонников провокационным снимком. На пляже выпускница ``Фабрики звезд`` позировала в расстегнутых шортах и топе, который открывал бюст певицы. На этом красотка не остановилась и задрала одежду еще выше, показывая грудь снизу. Под пикантным снимком Рита Дакота сразу пояснила, что не стесняется своего тела и считает его красивым. ``Предвосхищая вопросы зануд. Нет, мне не стыдно, и да, это красиво``, – написала звезда. Поклонники в пошлости Дакоту упрекать не стали, наоборот, они восхищаются ее сексуальным телом и хвалят за смелость. ``Вы обвиняетесь в абсолютной сексуальности, с головы до ног!``, ``С такой фигурой ничего не стыдно``, ``Красивая ведьма``, ``Это очень красиво и сексуально) И совсем не пошло, как многие могут написать``, ``Горячо-то как``, ``Показаны все изгибы``, – написали в Инстаграм девушки. Секрет стройной фигуры Риты Дакоты не в питании и спорте. Участница ``Фабрики звезд`` призналась, что сделала липосакцию, так как после рождения ребенка не могла прийти в форму. Ранее в чулках и без лифчика снялась Ирина Шейк. 	``Мне не стыдно``: Дакота вывалила грудь после липосакции	entertainment
https://www.dvnovosti.ru/khab/2019/11/16/107010/	Сегодня в Хабаровске температура опустится до -9… -11°C, ощущается как -21. Ветер западный — 15-20 м/с. Без существенных осадков. Уровень загрязнения воздуха в краевой столице. Общий уровень загрязнения атмосферы города пониженный. Ветер западный 23-28 м/с, УФ-индекс — 1 из 10. Последствия: на улицу лучше выходить пореже, одевайтесь теплее. Сильный ветер! Беговой индекс — 1 из 10 (низкий). Плохая погода для занятий спортом на улице. Влажность — 42 %; давление — 1 003,0 мбар (высокое). Закат в 17:21. Читай о новом челлендж-проекте DVhab.ru Superbody — корреспонденты DVhab.ru бросают диету и качают железо. Погода в Хабаровском крае В Охотске днем будет -1…-3°C, ветер северо-восточный — 15-20 м/с, ночью снег. В Николаевске-на-Амуре ожидается — -8…-10°C, ветер западный — 8-13 м/с, снег. В Амурске температура опустится до -14…-16°C, ветер юго-западный — 1-3 м/с, снег. В Советской Гавани столбик термометра покажет -7…-9°C, ветер северо-западный — 13-18 м/с. Без осадков. Более подробный прогноз можно найти на нашем сайте в разделе ``Погода`` Источник — Хабаровскгидрометцентр Наш WhatsApp +7 (914) 544 55 32 Ты свидетель происшествия?Пришли фото в редакцию 	Сильный ветер, но без снега: прогноз погоды в Хабаровском крае на 16 ноября	other
https://nation-news.ru/485609-zhiteli-rossii-stali-pokupat-menshe-sigaret	Россияне стали меньше покупать традиционные сигареты. Данной информацией с платформ фискальных данных поделился RT. Также отмечен рост продаж стиков для систем нагревания табака. Оператор фискальных данных ``Платформа ОФД`` проанализировал данные с 900 тысяч касс по всей стране и пришел к выводу, что в период с января по октябрь 2019 ГОДА спрос на сигареты упал на 5%. Средняя стоимость пачки составила 115 рублей. Платформа ``Такском``, изучившая данные с 17 млрд кассовых чеков, зафиксировала падение продаж сигарет на 7%, сообщает ``ФедералПресс``. Аналитики также констатировали снижение спрос в аптеках на лекарства для борьбы с никотиновой зависимостью. По данным DSM Group, с начала года было продано 3,1 млн таких препаратов, что на 200 тысяч меньше, чем  в 2018 году. Nation News сообщало: пассивное курение гораздо опаснее гаджетов. Такие выводы сделали в Минздраве, опираясь на исследования ученых Китайского университета в Гонконге. Интересно? Жми, чтобы подписаться на сайт в Яндексе Автор: Юлия Шабалдина 	Жители России стали покупать меньше сигарет	economy
https://stopgame.ru/blogs/topic/99160	Эта история про милого лысого человека, который пытается встать с колен и пойти по криминальной дорожке!!! 	?GTA 5 RP? Сериал «Лысые разборки» Серия 1 +Розыгрыш!!!	not_news
https://dtf.ru/esport/114142-navi-vsuhuyu-proigrali-otkryvayushchiy-match-na-esl-pro-league-po-cs-go	17 марта украинский клуб сыграл стартовый матч одиннадцатого сезона ESL Pro League по CS:GO. По итогу встречи NAVI заработали 0 очков, проиграв всухую датской команде North. Natus Vincere не могут одолеть North в best-of-3 матчах с 2018 года: до этого команда из СНГ проиграла северянам серии на IEM Katowice 2018, DreamHack Masters Stockholm 2018, ICE Challenge и девятом сезоне ESL Pro League.	 NAVI всухую проиграли открывающий матч на ESL Pro League по CS:GO	sports
https://dtf.ru/sale/136176-v-steam-nachalas-razdacha-igry-four-kings-one-war	Four Kings One War — это игра на основе шахмат, в которой нужно управлять не одним, а двумя наборами фигур. Партии можно устраивать как с искусственным интеллектом, так и с другим пользователем. В игре также можно выбирать арены — площадка с гигантскими фигурами может располагаться возле водопадов, в пещерах или в лесах Новой Зеландии.	 В Steam началась раздача игры Four Kings One War	entertainment
https://www.belnovosti.by/goroskopy/goroskop-na-segodnya-16-maya-2020-goda	Овны почувствуют себя главными везунчиками, а Водолеи будут стремиться к финансовой стабильности. Сегодня у Овнов появятся силы для новых побед. Представители этого знака зодиака почувствуют уверенность в собственных силах. Любые препятствия Овны сумеют обойти без особых усилий и проблем. У представителей творческих профессий появятся новые идеи, которые они захотят реализовать. Сегодня следует проявлять осмотрительность в финансовых вопросах. Это позволит избежать потерь. В этот день Овнам нужно внимательнее относиться к взаимоотношениям с любимыми.	Гороскоп на сегодня: 16 мая 2020 года	other
https://www.kommersant.ru/doc/4347521	В МВД России пояснили, в каких случаях граждан могут оштрафовать за бездействие при коронавирусе. В частности, причиной может стать отказ от тестирования. Такие нарушения регулируются по ч. 2 ст. 6.3 КоАП РФ (нарушение законодательства в области обеспечения санитарно-эпидемиологического благополучия). Штраф может составлять от 15 тыс. до 40 тыс. руб. «Субъектами административного правонарушения, предусмотренного ч. 2 ст. 6.3 КоАП РФ, являются лица, допустившие нарушение санитарных правил и гигиенических нормативов, а также не выполняющие санитарно-гигиенические и противоэпидемические мероприятия... На практике действия граждан связаны с нарушением требования об изоляции в домашних условиях либо в специально созданных обсервационных пунктах»,— рассказали ТАСС в МВД.	МВД рассказало о штрафах за отказ от тестирования на коронавирус	society
https://rg.ru/2020/03/24/mok-podtverdil-perenos-olimpijskih-igr-v-tokio-s-2020-goda-na-2021-god.html	Международный олимпийский комитет (МОК) объявил о переносе Олимпийских игр 2020 года в Токио на 2021 год из-за пандемии коронавируса. Соответствующее заявление опубликовано на официальном сайте организации. В заявлении отмечается, что такое решение было принято в ходе общения премьер-министра Японии Синдзо Абэ и президента МОК Томаса Баха. Ранее о переносе Олимпиады сообщил сам Абэ. Премьер-министр Японии и глава МОК согласились, что Игры должны стать безопасными как для участников, так и для зрителей. С учетом отмены соревнований атлетам необходимо подойти в ним в оптимальной форме, что сделать в нынешних условиях просто невозможно.	МОК подтвердил перенос Олимпийских игр в Токио на 2021 год	sports
https://www.cosmo.ru/koronavirus/news/07-04-2020/eto-mozhet-sluchitsya-v-lyuboy-den-svadba-dzhey-lo-sorvalas-iz-za-koronavirusa/	Пандемия помешала 50-летней Дженнифер Лопес (Jennifer Lopez) выйти замуж. Певица собиралась стать женой 44-летнего профессионального бейсболиста Алекса Родригеса (Alex Rodriguez) этим летом, но теперь считает, что это получится. Поп-дива и спортсмен сообщили о помолвке в марте прошлого года. Дженнифер тянула со свадьбой, потому что была занята на съемках фильма и готовилась дать грандиозное выступление в перерыве чемпионата Национальной футбольной лиги. Наконец отложив карьеру на второй план, Лопес занялась планированием торжества. Она собиралась связать себя узами брака с Алексом летом, пригласив все своих родных и друзей. Однако из-за невозможности собрать людей в условиях пандемии Дженнифер пришлось вновь отложить свадьбу.	"Это может случиться в любой день": свадьба Джей Ло сорвалась из-за коронавируса	entertainment
https://www.bbc.com/russian/features-52395916	В четверг в Оксфордском университете начался первый этап клинических испытаний потенциальной вакцины от коронавируса на людях. Участие в эксперименте примут более 500 здоровых добровольцев - мужчин и женщин в возрасте от 18 до 55 лет. Прививка от Covid-19 разработана в Институте исследования вакцин им. Эдварда Дженера в рекордно короткие сроки. Обычно на то, чтобы довести новый профилактический препарат до этапа экспериментов с участием людей, уходит около пяти лет. Оксфордские ученые уложились за 3,5 месяца. Если все сложится максимально удачно, эффективность коронавирусной вакцины можно будет подтвердить к началу осени. Разработчики говорят, что уверены в успехе примерно на 80%, и по такому поводу намерены начать производство препарата еще до окончания проверки.	В Оксфорде начали испытания вакцины от коронавируса на людях. Успех не гарантирован, проблемы - почти наверняка	science
https://rns.online/energy/Rosneft-otsenila-vozmozhnoe-vliyanie-sdelki-OPEK-na-dobichu-nefti-2020-05-15	«Роснефть» может сократить добычу нефти в 2020 году примерно на 10% по сравнению с показателем прошлого года из-за участия России в сделке с ОПЕК и не входящими в картель странами о сокращении уровня нефтедобычи. Об этом сообщил в ходе телефонный конференции компании первый вице-президент «Роснефти» Павел Фёдоров. Переработка нефти может сократиться примерно на 5%, отметил он. «Снижение год к году составит порядка 10% по добыче и примерно 5% по переработке с учётом той динамики, которую мы сегодня видим на рынке», – сказал он. «Уровень снижения добычи компании в 2020 году ставит порядка 24 млн тонн, на 2021 год - 33 млн тонн относительно утвержденного бизнес-плана. Мы ожидаем, что снижение будет и в 2022 году, с учётом того, что соглашение ОПЕК+ выходит на 2022 год», – добавил Фёдоров. Первый вице-президент «Роснефти» пояснил, что компания будет стремиться переносить основное сокращение добычи в рамках ОПЕК+ на низкорентабельные проекты. Фёдоров также отметил, что снижение капитальных затрат «Роснефти» в 2020 году составит примерно 200 млрд рублей по сравнению с первоначальным планом, при этом инвестиции в блоке «Разведка и добыча» планируется сократить на 180 млрд рублей (в том числе по зрелым месторождениям - примерно на 100 млрд рублей).	«Роснефть» оценила возможное влияние сделки ОПЕК+ на добычу нефти	economy
https://www.rbc.ru/politics/12/05/2020/5eba963b9a7947698af01113	Пресс-секретарь президента России сообщил о своем заражении коронавирусом. Ранее он был замечен носящим на одежде блокатор вирусов. Пресс-секретарь президента России Дмитрий Песков заразился коронавирусной инфекцией COVID-19. «Да, я заболел. Лечусь», — заявил Песков ТАСС в ответ на вопрос, действительно ли у него выявлен коронавирус. Он также заверил, что лично общался с Владимиром Путиным больше месяца назад.	Песков госпитализирован после заражения коронавирусом	society
http://mentalhealth.style.rbc.ru/article/article-1.html	В эти дни мы проходим испытания на прочность, к которым сложно было подготовиться. Чтобы пережить этот опыт с минимальными потерями, важно отслеживать свои эмоциональные реакции и учиться их контролировать. Рассказываем, как взять на себя ответственность за свое настроение. В 1990 году американские ученые Джон Майер и Питер Саловей предложили новую концепцию оценки человеческих способностей — эмоциональный интеллект (emotional intelligence). Развитие нейрофизиологии и новых способов исследования мозга позволяло заново оценить возможности мозга по регуляции эмоций и их проявлению. Впечатлившись трудами Майера и Саловея и вооружившись другими исследованиями, научный репортер The New York Times Дэниел Гоулман написал книгу «Эмоциональный интеллект. Почему он может значить больше, чем IQ». С тех пор понятие EQ стало частью массовой культуры. Его используют, чтобы найти подходящего кандидата на заманчивую позицию в компании или для описания желанного партнера в приложениях для знакомств. Детские психологи говорят о важности развития эмоционального интеллекта с раннего возраста, а популярные блогеры рассказывают, как развитие EQ помогло им справиться с паническими атаками.	Что такое эмоциональный интеллект и как его развитие поможет в пандемию	not_news
